event_id,user_id,day,margin_kopecks,cancelled
0,0,10,1283,0
1,1,9,970,0
2,1,6,817,0
3,1,7,909,0
4,1,4,1174,0
5,2,12,1338,0
6,3,10,1324,0
7,3,0,1269,0
8,4,5,1012,0
9,4,2,936,0
10,4,2,1520,0
11,4,5,1005,0
12,5,8,1068,0
13,5,11,1308,0
14,8,3,1108,0
15,8,11,1125,0
16,9,3,918,0
17,10,12,1244,0
18,10,12,873,0
19,11,4,860,0
20,11,1,1284,0
21,11,3,810,0
22,15,5,1380,0
23,15,2,1114,0
24,15,5,1102,0
25,15,9,1410,0
26,15,1,1227,0
27,15,9,1130,0
28,16,1,1416,0
29,16,9,1142,0
30,16,6,1168,0
31,18,0,1511,0
32,19,8,1180,0
33,19,6,984,0
34,19,3,1014,0
35,20,0,1554,0
36,20,2,1098,0
37,20,10,1257,0
38,20,1,1000,0
39,22,11,1542,0
40,23,6,859,0
41,23,12,944,0
42,26,5,830,0
43,26,7,1544,0
44,27,1,1155,0
45,27,5,1392,0
46,27,13,916,0
47,29,7,1488,0
48,29,11,1543,0
49,29,10,870,0
50,30,12,925,0
51,30,5,1351,0
52,31,12,1412,0
53,32,3,808,0
54,33,12,1283,0
55,33,6,0,1
56,33,4,1571,0
57,34,10,893,0
58,34,12,918,0
59,35,5,1232,0
60,35,9,1028,0
61,35,5,1208,0
62,35,8,1397,0
63,36,9,933,0
64,36,3,897,0
65,36,6,1348,0
66,36,7,1529,0
67,36,7,898,0
68,36,3,820,0
69,38,0,825,0
70,38,4,1278,0
71,38,11,1582,0
72,38,10,1244,0
73,38,7,976,0
74,38,6,1534,0
75,40,9,889,0
76,40,12,1230,0
77,41,2,1031,0
78,41,9,1156,0
79,41,13,1249,0
80,41,2,1334,0
81,41,4,800,0
82,41,13,1017,0
83,41,1,858,0
84,42,12,1499,0
85,44,9,1570,0
86,44,2,1278,0
87,44,13,1537,0
88,44,4,0,1
89,46,0,1206,0
90,47,6,1010,0
91,47,12,1184,0
92,47,9,1304,0
93,48,13,929,0
94,51,7,882,0
95,51,2,1550,0
96,51,1,975,0
97,51,13,1113,0
98,51,13,1594,0
99,52,0,1187,0
100,52,2,938,0
101,52,6,959,0
102,55,10,1416,0
103,55,8,1172,0
104,56,4,1236,0
105,56,9,1466,0
106,57,1,804,0
107,60,9,1294,0
108,60,1,1272,0
109,60,9,1351,0
110,61,10,1587,0
111,62,8,1264,0
112,62,4,998,0
113,62,1,1075,0
114,65,6,828,0
115,65,8,1488,0
116,66,2,1054,0
117,66,0,979,0
118,67,7,1158,0
119,67,9,1105,0
120,67,4,1469,0
121,67,11,1008,0
122,69,5,1320,0
123,69,3,1576,0
124,69,9,0,1
125,69,0,1405,0
126,70,3,1210,0
127,72,11,1029,0
128,72,0,1419,0
129,72,2,840,0
130,72,10,906,0
131,72,9,1108,0
132,73,1,842,0
133,73,13,1163,0
134,73,4,1417,0
135,74,5,1123,0
136,74,5,882,0
137,75,10,1136,0
138,75,7,1153,0
139,76,8,1225,0
140,77,0,1201,0
141,77,9,1442,0
142,77,4,1575,0
143,77,8,1346,0
144,78,9,1295,0
145,80,0,1131,0
146,80,0,1143,0
147,81,10,1282,0
148,81,9,1385,0
149,83,2,1002,0
150,83,3,1321,0
151,85,11,1299,0
152,86,2,1492,0
153,86,11,1419,0
154,86,10,985,0
155,86,8,1425,0
156,86,3,1035,0
157,86,12,1101,0
158,86,10,1547,0
159,87,12,1293,0
160,90,7,947,0
161,90,2,1437,0
162,91,13,1366,0
163,91,1,1560,0
164,91,2,1092,0
165,92,8,903,0
166,93,6,1010,0
167,93,2,1368,0
168,93,7,859,0
169,94,5,1314,0
170,94,4,956,0
171,94,4,1318,0
172,95,3,1383,0
173,95,7,809,0
174,97,8,1005,0
175,97,5,0,1
176,97,6,847,0
177,98,2,1262,0
178,98,4,1103,0
179,98,0,1308,0
180,98,7,1318,0
181,99,9,846,0
182,99,6,1113,0
183,99,5,989,0
184,100,1,859,0
185,100,1,1195,0
186,100,13,1104,0
187,102,1,957,0
188,103,9,1552,0
189,103,7,865,0
190,105,10,1534,0
191,105,10,1256,0
192,105,4,1580,0
193,106,4,1411,0
194,106,8,1032,0
195,107,0,1344,0
196,108,6,1175,0
197,108,12,1232,0
198,109,12,1327,0
199,109,7,995,0
200,109,2,1548,0
201,109,2,831,0
202,109,2,971,0
203,110,11,803,0
204,110,12,1425,0
205,110,7,1056,0
206,110,6,803,0
207,110,0,1365,0
208,110,13,1329,0
209,111,4,0,1
210,111,1,1150,0
211,111,13,1199,0
212,111,8,1311,0
213,111,12,1464,0
214,112,0,1025,0
215,115,7,1274,0
216,115,5,1135,0
217,116,12,1279,0
218,118,11,833,0
219,118,12,1018,0
220,118,12,1212,0
221,118,7,852,0
222,118,3,1234,0
223,118,10,937,0
224,118,7,1515,0
225,119,6,945,0
226,119,7,1455,0
227,120,2,0,1
228,120,8,1093,0
229,121,11,1565,0
230,121,13,886,0
231,122,2,933,0
232,122,0,1259,0
233,123,8,812,0
234,123,8,928,0
235,123,10,926,0
236,124,4,863,0
237,125,9,1216,0
238,125,13,1422,0
239,125,3,1077,0
240,125,3,922,0
241,126,8,1413,0
242,126,11,953,0
243,126,1,1571,0
244,128,5,1455,0
245,128,13,1466,0
246,128,4,1064,0
247,128,2,1116,0
248,129,0,1548,0
249,129,9,1434,0
250,130,5,1415,0
251,130,0,852,0
252,131,4,1008,0
253,131,13,1587,0
254,131,10,1048,0
255,131,10,1342,0
256,132,11,1292,0
257,132,4,873,0
258,132,8,1587,0
259,133,11,1362,0
260,133,13,1399,0
261,133,10,1462,0
262,133,13,1588,0
263,133,13,1015,0
264,133,1,1185,0
265,133,10,932,0
266,134,12,1157,0
267,134,9,1098,0
268,134,12,1374,0
269,135,5,998,0
270,136,5,1029,0
271,136,11,910,0
272,136,12,1154,0
273,136,7,1113,0
274,136,1,1071,0
275,137,4,1123,0
276,139,3,1132,0
277,139,1,0,1
278,139,12,1380,0
279,140,0,1279,0
280,140,6,1266,0
281,140,2,1449,0
282,140,0,824,0
283,141,6,1454,0
284,141,11,1212,0
285,141,7,1262,0
286,141,2,918,0
287,142,3,1136,0
288,142,1,1580,0
289,143,10,0,1
290,144,11,870,0
291,144,4,1195,0
292,144,1,1092,0
293,144,7,1576,0
294,144,9,0,1
295,144,5,1008,0
296,144,0,1305,0
297,144,3,1044,0
298,145,7,920,0
299,145,3,1508,0
300,145,9,1571,0
301,147,1,1141,0
302,147,9,1304,0
303,147,3,835,0
304,147,5,1047,0
305,147,10,1049,0
306,147,10,1157,0
307,148,5,1433,0
308,148,13,1003,0
309,148,7,941,0
310,150,3,1129,0
311,151,9,971,0
312,151,0,1301,0
313,151,10,849,0
314,151,6,1514,0
315,151,3,958,0
316,151,11,906,0
317,152,3,1143,0
318,152,10,1214,0
319,152,10,1459,0
320,152,8,1394,0
321,154,12,1072,0
322,154,9,1398,0
323,154,9,1180,0
324,154,8,1523,0
325,155,6,862,0
326,155,13,1435,0
327,155,10,1310,0
328,156,10,1242,0
329,156,8,1025,0
330,156,11,1502,0
331,156,12,1244,0
332,157,7,858,0
333,157,11,1101,0
334,157,8,1157,0
335,157,4,853,0
336,157,6,840,0
337,158,4,1294,0
338,158,1,929,0
339,161,4,925,0
340,161,7,1407,0
341,163,0,1281,0
342,163,4,0,1
343,164,12,820,0
344,164,4,1486,0
345,166,3,1510,0
346,166,2,811,0
347,166,13,1171,0
348,167,10,1142,0
349,167,7,992,0
350,167,11,913,0
351,167,10,1174,0
352,167,3,1370,0
353,167,13,1117,0
354,168,0,1511,0
355,169,12,1562,0
356,170,2,1204,0
357,170,5,1263,0
358,170,10,1464,0
359,170,4,988,0
360,170,11,1393,0
361,170,2,1282,0
362,170,6,847,0
363,170,10,1600,0
364,170,5,1265,0
365,170,4,1019,0
366,170,13,1165,0
367,170,3,1369,0
368,173,4,885,0
369,173,12,1440,0
370,173,4,1414,0
371,174,12,1266,0
372,174,2,1184,0
373,174,5,1471,0
374,174,13,823,0
375,175,3,1526,0
376,175,0,1180,0
377,176,11,1142,0
378,176,6,1575,0
379,176,3,1132,0
380,176,9,1458,0
381,177,7,1059,0
382,177,7,1010,0
383,177,2,1200,0
384,178,4,1396,0
385,179,8,1336,0
386,179,8,1447,0
387,179,5,1278,0
388,179,6,969,0
389,179,4,817,0
390,179,9,1084,0
391,180,5,0,1
392,180,6,814,0
393,180,6,1234,0
394,180,7,1193,0
395,181,3,1131,0
396,181,5,1273,0
397,181,5,1090,0
398,182,9,1078,0
399,183,4,894,0
400,184,1,1174,0
401,186,6,925,0
402,186,11,1551,0
403,186,4,1134,0
404,186,7,842,0
405,186,13,1222,0
406,186,1,1069,0
407,187,11,1102,0
408,187,13,0,1
409,187,11,1348,0
410,187,2,1118,0
411,188,9,1143,0
412,188,3,833,0
413,188,6,917,0
414,188,6,1440,0
415,189,12,1337,0
416,190,8,1472,0
417,190,6,1563,0
418,190,7,1513,0
419,190,5,1388,0
420,190,3,1368,0
421,191,9,1540,0
422,191,5,802,0
423,191,5,1049,0
424,191,8,831,0
425,191,5,1592,0
426,192,9,1070,0
427,192,11,1185,0
428,193,13,954,0
429,193,10,1569,0
430,193,3,1479,0
431,194,3,1284,0
432,194,2,960,0
433,196,8,1057,0
434,196,6,852,0
435,199,3,828,0
436,199,11,916,0
437,199,8,1297,0
438,201,12,1096,0
439,201,2,985,0
440,202,8,1385,0
441,202,0,1534,0
442,203,5,1187,0
443,203,2,1222,0
444,203,8,955,0
445,203,0,0,1
446,203,7,1411,0
447,204,4,1522,0
448,205,13,1308,0
449,205,4,1370,0
450,205,4,1458,0
451,207,12,1546,0
452,207,5,1504,0
453,207,9,1083,0
454,207,11,1057,0
455,207,8,835,0
456,208,3,1094,0
457,209,4,1590,0
458,209,9,985,0
459,209,7,1245,0
460,209,12,1266,0
461,209,0,1422,0
462,210,1,1163,0
463,210,5,834,0
464,210,6,1424,0
465,210,7,1179,0
466,210,10,1520,0
467,210,11,964,0
468,212,3,1157,0
469,212,6,1450,0
470,212,12,1175,0
471,212,11,1161,0
472,212,13,1359,0
473,212,10,1388,0
474,212,5,1594,0
475,213,3,979,0
476,213,1,860,0
477,213,1,1456,0
478,213,10,1208,0
479,213,11,866,0
480,213,3,1182,0
481,214,6,967,0
482,215,13,0,1
483,215,12,978,0
484,216,0,1179,0
485,216,5,1426,0
486,216,11,1424,0
487,217,13,870,0
488,217,8,922,0
489,218,2,1504,0
490,218,7,1224,0
491,218,4,933,0
492,218,9,1252,0
493,218,11,1432,0
494,218,2,887,0
495,218,1,1531,0
496,218,9,1342,0
497,218,10,1319,0
498,218,12,1479,0
499,218,7,999,0
500,219,0,927,0
501,219,1,820,0
502,220,6,980,0
503,221,8,1140,0
504,221,13,1093,0
505,221,7,876,0
506,221,7,1209,0
507,223,9,0,1
508,225,6,1057,0
509,226,13,1366,0
510,227,1,877,0
511,228,6,945,0
512,229,0,982,0
513,231,2,1045,0
514,231,9,838,0
515,232,5,1244,0
516,232,6,1193,0
517,233,10,1255,0
518,233,0,1287,0
519,234,10,1201,0
520,234,0,1447,0
521,235,11,1495,0
522,236,3,859,0
523,236,7,873,0
524,237,4,1030,0
525,237,10,962,0
526,237,4,1189,0
527,238,2,1054,0
528,238,4,1055,0
529,238,11,1527,0
530,238,11,1576,0
531,239,9,1035,0
532,241,12,964,0
533,242,4,874,0
534,242,7,1193,0
535,242,3,1353,0
536,242,13,1579,0
537,242,5,1173,0
538,242,6,1230,0
539,242,7,910,0
540,242,12,858,0
541,242,7,1271,0
542,242,2,886,0
543,242,5,1194,0
544,242,11,878,0
545,242,13,1074,0
546,242,2,1269,0
547,242,1,1047,0
548,242,1,1094,0
549,242,4,0,1
550,244,0,1570,0
551,245,12,1020,0
552,245,8,866,0
553,246,13,1251,0
554,246,8,1319,0
555,246,3,1163,0
556,246,9,1423,0
557,246,8,1359,0
558,246,10,1302,0
559,246,7,1363,0
560,247,7,988,0
561,247,10,857,0
562,247,3,1098,0
563,248,10,908,0
564,248,1,1094,0
565,248,6,1142,0
566,248,9,890,0
567,249,4,1515,0
568,249,6,1384,0
569,249,2,1004,0
570,249,9,1121,0
571,250,2,1002,0
572,250,12,1390,0
573,250,5,854,0
574,251,13,1421,0
575,251,6,1171,0
576,253,0,1337,0
577,253,11,1327,0
578,253,4,1598,0
579,253,1,1063,0
580,254,12,1334,0
581,254,3,1010,0
582,254,4,1048,0
583,254,9,984,0
584,256,3,1332,0
585,256,8,1530,0
586,256,9,929,0
587,256,4,1242,0
588,256,5,1071,0
589,259,6,0,1
590,260,5,0,1
591,260,7,1046,0
592,260,9,1225,0
593,261,7,1084,0
594,261,3,1403,0
595,261,10,1017,0
596,261,7,928,0
597,264,11,1457,0
598,264,7,1561,0
599,264,10,886,0
600,265,6,883,0
601,265,6,1104,0
602,265,4,1571,0
603,265,7,1013,0
604,266,0,1433,0
605,266,10,1499,0
606,266,2,1548,0
607,266,9,1035,0
608,267,8,1076,0
609,267,11,1109,0
610,269,3,1567,0
611,270,11,1286,0
612,270,9,883,0
613,270,10,1386,0
614,270,0,1368,0
615,270,3,856,0
616,270,12,1181,0
617,270,2,1135,0
618,271,7,1382,0
619,272,6,1359,0
620,272,3,995,0
621,272,12,0,1
622,273,2,1411,0
623,275,2,976,0
624,275,13,977,0
625,275,8,826,0
626,275,2,1449,0
627,275,10,1259,0
628,275,11,917,0
629,277,6,1066,0
630,278,6,1600,0
631,280,7,1154,0
632,280,3,940,0
633,283,8,1318,0
634,283,11,1151,0
635,283,9,991,0
636,283,1,898,0
637,283,4,905,0
638,283,5,1445,0
639,284,4,1313,0
640,284,11,1429,0
641,285,7,838,0
642,286,3,1121,0
643,286,5,1158,0
644,288,3,991,0
645,288,10,1445,0
646,290,4,1370,0
647,290,11,1481,0
648,291,10,970,0
649,291,6,1127,0
650,291,4,1253,0
651,292,2,1246,0
652,292,8,1565,0
653,292,4,1409,0
654,292,13,1541,0
655,293,8,1457,0
656,293,7,1470,0
657,293,13,1070,0
658,293,1,0,1
659,293,3,1035,0
660,295,11,1490,0
661,296,7,0,1
662,297,10,843,0
663,298,12,1422,0
664,298,8,1575,0
665,299,0,1392,0
666,300,6,1539,0
667,300,2,1137,0
668,300,5,1398,0
669,301,6,1197,0
670,302,3,1433,0
671,302,6,1475,0
672,302,10,841,0
673,302,5,1445,0
674,303,11,1092,0
675,303,11,1365,0
676,303,5,1383,0
677,303,6,919,0
678,303,2,1557,0
679,303,12,1011,0
680,303,0,1564,0
681,303,3,1056,0
682,303,3,1428,0
683,304,11,837,0
684,304,9,1360,0
685,305,6,852,0
686,305,3,1386,0
687,305,5,1483,0
688,307,8,1059,0
689,307,0,1148,0
690,307,12,1479,0
691,307,2,819,0
692,307,7,1049,0
693,307,6,1353,0
694,308,12,1525,0
695,309,13,1031,0
696,309,7,947,0
697,309,5,969,0
698,310,10,1553,0
699,310,3,892,0
700,310,13,949,0
701,311,12,1305,0
702,311,7,920,0
703,311,8,947,0
704,312,9,846,0
705,312,8,1463,0
706,313,9,1222,0
707,313,11,1000,0
708,313,10,1042,0
709,315,4,1457,0
710,316,8,1000,0
711,316,13,1429,0
712,316,8,1568,0
713,316,7,1407,0
714,316,13,879,0
715,319,0,1313,0
716,321,12,1441,0
717,321,1,1027,0
718,322,2,950,0
719,322,13,1069,0
720,322,6,1461,0
721,322,4,986,0
722,322,4,1195,0
723,322,10,1140,0
724,322,1,918,0
725,323,8,984,0
726,323,11,1579,0
727,324,8,1043,0
728,324,10,1359,0
729,325,0,1242,0
730,325,7,1235,0
731,325,8,1170,0
732,325,6,1162,0
733,325,10,1516,0
734,325,13,1520,0
735,326,1,1413,0
736,326,2,1081,0
737,327,4,1529,0
738,327,3,1113,0
739,327,12,1284,0
740,327,12,1263,0
741,329,8,823,0
742,329,11,1131,0
743,329,12,1315,0
744,329,12,1312,0
745,330,1,1077,0
746,333,1,1593,0
747,334,7,897,0
748,334,1,1164,0
749,335,2,1310,0
750,335,4,1252,0
751,335,3,981,0
752,335,1,978,0
753,335,10,938,0
754,335,0,1572,0
755,335,10,1118,0
756,335,11,1362,0
757,335,4,1234,0
758,335,12,1483,0
759,336,5,965,0
760,336,3,819,0
761,338,7,1539,0
762,341,5,1268,0
763,342,5,941,0
764,342,11,1155,0
765,343,2,1090,0
766,344,13,1289,0
767,345,2,1302,0
768,345,7,1260,0
769,345,3,1233,0
770,345,9,1218,0
771,345,0,969,0
772,346,1,941,0
773,346,1,1437,0
774,346,5,1576,0
775,346,12,1307,0
776,346,11,1400,0
777,346,9,1526,0
778,347,12,988,0
779,348,8,951,0
780,348,7,1298,0
781,350,12,1116,0
782,350,4,1200,0
783,352,4,0,1
784,355,3,938,0
785,355,1,1072,0
786,356,5,892,0
787,357,1,1217,0
788,357,0,1194,0
789,357,3,801,0
790,358,11,1069,0
791,358,4,0,1
792,359,5,918,0
793,360,11,1049,0
794,360,13,1217,0
795,361,1,942,0
796,363,8,1182,0
797,364,13,1144,0
798,364,1,1489,0
799,365,8,860,0
800,366,0,905,0
801,366,2,946,0
802,366,4,886,0
803,368,3,863,0
804,368,7,1570,0
805,368,7,896,0
806,368,12,1073,0
807,368,12,1216,0
808,370,11,1298,0
809,370,11,1054,0
810,370,10,1316,0
811,371,12,1002,0
812,371,5,1065,0
813,372,13,1254,0
814,375,12,1192,0
815,375,9,1062,0
816,375,4,1546,0
817,375,2,1227,0
818,375,4,1285,0
819,376,2,961,0
820,377,5,973,0
821,377,10,980,0
822,378,7,1566,0
823,379,1,1145,0
824,379,9,889,0
825,380,2,1190,0
826,380,7,1208,0
827,380,13,1586,0
828,380,7,1307,0
829,380,5,1162,0
830,381,12,1594,0
831,381,6,1231,0
832,381,6,1583,0
833,381,12,1441,0
834,382,4,1152,0
835,382,6,1157,0
836,382,0,1503,0
837,382,2,1055,0
838,385,7,1364,0
839,385,1,951,0
840,387,8,1046,0
841,388,11,1307,0
842,389,0,1018,0
843,389,13,1204,0
844,390,13,1216,0
845,390,9,1323,0
846,390,0,926,0
847,390,0,1511,0
848,391,13,0,1
849,391,7,1387,0
850,391,10,1177,0
851,391,2,1137,0
852,392,8,1360,0
853,393,6,1223,0
854,394,10,1504,0
855,394,2,1116,0
856,394,13,1033,0
857,395,6,876,0
858,395,8,1365,0
859,395,0,1512,0
860,395,7,1163,0
861,396,11,1568,0
862,396,6,1344,0
863,397,1,1296,0
864,398,1,1113,0
865,398,3,1014,0
866,398,1,1129,0
867,400,10,831,0
868,400,11,1576,0
869,400,5,1067,0
870,402,9,1189,0
871,403,10,1121,0
872,403,1,1252,0
873,403,2,1235,0
874,403,9,1423,0
875,403,8,1194,0
876,404,5,1363,0
877,405,7,1209,0
878,407,8,837,0
879,407,2,1539,0
880,409,5,877,0
881,410,11,883,0
882,410,10,877,0
883,410,9,1534,0
884,411,8,914,0
885,411,12,800,0
886,413,13,0,1
887,414,12,1085,0
888,416,13,0,1
889,416,3,1243,0
890,416,1,1111,0
891,416,7,1477,0
892,416,6,1206,0
893,417,2,1201,0
894,417,1,1337,0
895,417,3,947,0
896,417,11,948,0
897,417,1,942,0
898,417,6,1181,0
899,417,12,1144,0
900,418,13,1232,0
901,419,0,1265,0
902,420,10,1124,0
903,420,5,853,0
904,420,10,0,1
905,420,6,1178,0
906,420,11,978,0
907,422,11,1173,0
908,422,2,1061,0
909,423,2,1546,0
910,424,3,1352,0
911,424,8,1241,0
912,424,10,1330,0
913,425,8,866,0
914,425,8,1314,0
915,426,8,1113,0
916,426,10,1165,0
917,430,8,975,0
918,430,9,807,0
919,430,5,1204,0
920,431,2,1159,0
921,432,10,1143,0
922,432,3,1157,0
923,432,10,1091,0
924,432,10,1047,0
925,434,1,1426,0
926,434,10,1380,0
927,434,4,917,0
928,435,10,1471,0
929,435,0,1000,0
930,435,7,1383,0
931,436,10,1542,0
932,436,1,1082,0
933,437,12,1223,0
934,437,1,1513,0
935,438,13,1461,0
936,438,0,951,0
937,442,10,1080,0
938,442,8,1477,0
939,442,11,924,0
940,442,2,0,1
941,442,0,1287,0
942,443,4,834,0
943,443,11,1284,0
944,443,13,932,0
945,447,10,838,0
946,447,4,1367,0
947,447,10,1416,0
948,447,13,1449,0
949,447,1,1478,0
950,447,10,1452,0
951,448,10,1352,0
952,448,11,1251,0
953,448,4,907,0
954,448,3,1189,0
955,448,11,1472,0
956,451,9,906,0
957,451,3,1438,0
958,451,1,1053,0
959,453,3,1136,0
960,453,8,1233,0
961,454,3,1137,0
962,455,7,888,0
963,455,6,1534,0
964,455,6,1275,0
965,456,0,1521,0
966,459,9,1273,0
967,461,4,1447,0
968,461,0,1246,0
969,462,11,1224,0
970,462,11,1095,0
971,463,5,1073,0
972,464,11,1101,0
973,466,12,1307,0
974,466,0,1165,0
975,467,12,1097,0
976,469,5,990,0
977,470,2,1268,0
978,471,13,808,0
979,471,0,1373,0
980,474,10,1330,0
981,475,9,1224,0
982,475,11,1269,0
983,475,13,1135,0
984,476,7,1105,0
985,476,2,1562,0
986,480,8,1373,0
987,480,13,1223,0
988,483,10,952,0
989,484,6,1392,0
990,484,13,1040,0
991,484,3,1064,0
992,484,11,834,0
993,484,5,883,0
994,485,4,977,0
995,485,5,1196,0
996,486,1,1041,0
997,488,0,802,0
998,490,1,944,0
999,492,0,853,0
1000,492,10,1050,0
1001,492,9,1494,0
1002,493,12,1088,0
1003,493,9,1366,0
1004,494,5,1334,0
1005,494,13,964,0
1006,495,8,806,0
1007,495,12,837,0
1008,495,9,1313,0
1009,495,1,1517,0
1010,495,8,1230,0
1011,495,12,962,0
1012,495,4,858,0
1013,496,12,1365,0
1014,497,1,1422,0
1015,497,11,1102,0
1016,498,5,1092,0
1017,498,5,853,0
1018,499,8,1169,0
1019,499,0,1588,0
1020,499,7,1104,0
1021,499,13,1196,0
1022,499,12,1141,0
1023,499,13,1594,0
1024,502,8,934,0
1025,502,11,825,0
1026,502,6,1306,0
1027,502,11,1581,0
1028,502,6,1059,0
1029,502,5,1469,0
1030,502,6,881,0
1031,502,6,911,0
1032,502,0,1292,0
1033,503,11,1246,0
1034,503,13,1267,0
1035,504,9,1273,0
1036,504,7,1278,0
1037,506,1,1551,0
1038,506,1,1457,0
1039,506,1,931,0
1040,506,12,902,0
1041,506,7,1157,0
1042,506,9,888,0
1043,507,0,857,0
1044,507,10,1241,0
1045,507,0,1325,0
1046,508,7,1430,0
1047,508,12,1176,0
1048,509,10,806,0
1049,509,2,1475,0
1050,509,10,1273,0
1051,509,10,1226,0
1052,509,8,956,0
1053,510,8,1060,0
1054,511,4,1135,0
1055,511,5,953,0
1056,511,11,1361,0
1057,512,1,1134,0
1058,512,12,974,0
1059,512,4,1361,0
1060,512,6,978,0
1061,512,13,1379,0
1062,512,2,1091,0
1063,513,10,1471,0
1064,513,0,1319,0
1065,513,3,0,1
1066,513,7,875,0
1067,513,3,1083,0
1068,513,7,1154,0
1069,515,3,1011,0
1070,515,8,1140,0
1071,515,12,1425,0
1072,515,2,915,0
1073,515,6,1154,0
1074,516,11,1206,0
1075,516,13,1126,0
1076,517,4,1470,0
1077,517,7,1050,0
1078,521,12,1075,0
1079,521,1,1000,0
1080,521,4,1396,0
1081,522,5,1510,0
1082,523,12,1270,0
1083,523,1,1459,0
1084,523,3,1073,0
1085,524,6,1194,0
1086,524,5,1408,0
1087,524,5,1131,0
1088,524,5,842,0
1089,524,4,1189,0
1090,525,7,1300,0
1091,526,11,1006,0
1092,527,4,1351,0
1093,527,12,933,0
1094,527,7,1402,0
1095,527,4,936,0
1096,528,8,1330,0
1097,529,1,853,0
1098,529,13,1013,0
1099,530,10,1095,0
1100,531,9,1201,0
1101,531,12,1141,0
1102,531,5,1479,0
1103,531,12,0,1
1104,531,3,1379,0
1105,532,12,1323,0
1106,533,11,1375,0
1107,533,13,886,0
1108,533,5,1186,0
1109,534,3,1103,0
1110,536,6,940,0
1111,537,11,1578,0
1112,539,7,1057,0
1113,539,0,1274,0
1114,539,0,1039,0
1115,539,11,1020,0
1116,539,10,1414,0
1117,539,10,826,0
1118,540,5,1211,0
1119,541,10,0,1
1120,541,10,1252,0
1121,542,1,1560,0
1122,543,11,1231,0
1123,543,3,1388,0
1124,543,4,1465,0
1125,544,7,1126,0
1126,546,12,1372,0
1127,546,11,908,0
1128,546,7,1244,0
1129,546,3,1380,0
1130,546,9,1547,0
1131,547,12,1384,0
1132,548,11,968,0
1133,548,12,1449,0
1134,548,10,822,0
1135,549,0,1256,0
1136,549,0,1303,0
1137,549,1,1471,0
1138,549,10,1132,0
1139,549,0,1453,0
1140,549,11,1467,0
1141,549,11,800,0
1142,549,13,1129,0
1143,549,6,979,0
1144,550,4,1408,0
1145,550,9,811,0
1146,551,7,1417,0
1147,551,1,1040,0
1148,551,4,1541,0
1149,552,5,893,0
1150,552,3,980,0
1151,552,1,1218,0
1152,552,1,805,0
1153,553,13,0,1
1154,553,7,990,0
1155,554,1,1243,0
1156,554,8,1493,0
1157,555,11,1006,0
1158,556,12,857,0
1159,558,4,1062,0
1160,559,10,1549,0
1161,560,8,1113,0
1162,561,5,1302,0
1163,562,6,1402,0
1164,563,5,1517,0
1165,563,5,1360,0
1166,564,0,1493,0
1167,565,13,1443,0
1168,565,13,1175,0
1169,566,5,1182,0
1170,566,9,1452,0
1171,567,10,1542,0
1172,567,12,1475,0
1173,567,2,1594,0
1174,567,12,1044,0
1175,567,2,1412,0
1176,567,7,903,0
1177,568,9,961,0
1178,569,12,1020,0
1179,569,1,952,0
1180,569,8,1027,0
1181,570,7,1241,0
1182,570,1,1120,0
1183,571,5,1385,0
1184,571,4,1149,0
1185,571,4,825,0
1186,571,0,1381,0
1187,571,13,1272,0
1188,571,1,1081,0
1189,572,12,1103,0
1190,573,11,828,0
1191,574,3,1354,0
1192,574,7,1055,0
1193,574,6,1152,0
1194,575,3,1571,0
1195,575,4,1347,0
1196,575,6,1468,0
1197,576,5,1441,0
1198,577,3,1035,0
1199,577,13,1577,0
1200,577,8,1157,0
1201,578,13,1320,0
1202,578,3,1587,0
1203,578,6,849,0
1204,579,5,1091,0
1205,579,5,1174,0
1206,583,3,1195,0
1207,584,7,1382,0
1208,584,3,839,0
1209,584,1,1490,0
1210,585,7,1405,0
1211,585,1,1354,0
1212,586,11,948,0
1213,586,6,1502,0
1214,587,4,1306,0
1215,588,0,817,0
1216,588,11,957,0
1217,588,8,1420,0
1218,588,5,1331,0
1219,588,2,1099,0
1220,588,1,1475,0
1221,588,2,1238,0
1222,589,12,1560,0
1223,590,3,814,0
1224,590,0,1358,0
1225,590,11,1195,0
1226,590,3,1595,0
1227,591,13,1282,0
1228,591,1,813,0
1229,591,3,977,0
1230,593,1,889,0
1231,594,0,1088,0
1232,594,6,957,0
1233,594,7,1399,0
1234,595,2,1444,0
1235,595,9,1256,0
1236,595,0,0,1
1237,595,10,850,0
1238,596,12,1542,0
1239,596,2,1214,0
1240,596,6,993,0
1241,597,6,870,0
1242,597,9,1030,0
1243,597,13,985,0
1244,597,1,1395,0
1245,597,8,1038,0
1246,598,4,0,1
1247,598,12,1085,0
1248,598,13,0,1
1249,598,13,997,0
1250,598,11,822,0
1251,600,10,1474,0
1252,601,7,1089,0
1253,601,8,1453,0
1254,603,3,1398,0
1255,603,13,835,0
1256,603,11,1399,0
1257,603,11,1529,0
1258,605,12,1259,0
1259,608,6,1198,0
1260,608,5,1433,0
1261,608,11,1296,0
1262,609,8,850,0
1263,611,5,1509,0
1264,612,5,927,0
1265,612,10,919,0
1266,612,0,1444,0
1267,612,8,1150,0
1268,612,4,1209,0
1269,612,9,1039,0
1270,612,4,936,0
1271,612,11,898,0
1272,613,10,991,0
1273,613,13,840,0
1274,613,9,958,0
1275,613,3,846,0
1276,614,11,1019,0
1277,614,10,1566,0
1278,615,2,1434,0
1279,615,8,908,0
1280,615,9,1300,0
1281,615,7,825,0
1282,615,0,918,0
1283,615,5,1027,0
1284,615,6,828,0
1285,616,1,1559,0
1286,616,6,821,0
1287,616,9,1397,0
1288,616,0,1055,0
1289,616,4,1040,0
1290,616,0,1189,0
1291,617,1,1054,0
1292,617,12,1041,0
1293,617,12,1598,0
1294,617,12,1575,0
1295,617,5,869,0
1296,618,0,971,0
1297,619,11,1430,0
1298,620,5,895,0
1299,620,13,1566,0
1300,620,11,1187,0
1301,620,12,1429,0
1302,621,13,1559,0
1303,622,0,851,0
1304,622,3,1163,0
1305,622,5,1461,0
1306,624,2,953,0
1307,625,4,951,0
1308,625,1,905,0
1309,625,10,1511,0
1310,625,6,911,0
1311,626,12,1545,0
1312,627,0,1387,0
1313,630,8,1357,0
1314,631,2,865,0
1315,631,4,1041,0
1316,631,4,1128,0
1317,631,5,1516,0
1318,632,5,1365,0
1319,632,2,1468,0
1320,632,2,865,0
1321,633,4,1019,0
1322,633,0,847,0
1323,633,0,841,0
1324,634,5,1067,0
1325,634,8,1486,0
1326,634,6,1546,0
1327,636,3,1336,0
1328,636,12,1297,0
1329,636,8,1581,0
1330,636,11,1257,0
1331,636,7,1381,0
1332,636,12,902,0
1333,636,5,1555,0
1334,636,5,1586,0
1335,637,10,1357,0
1336,638,9,1247,0
1337,638,1,1090,0
1338,638,11,1228,0
1339,638,7,1475,0
1340,638,10,1199,0
1341,638,2,902,0
1342,638,3,1313,0
1343,638,10,847,0
1344,640,13,1182,0
1345,641,8,1051,0
1346,641,4,1380,0
1347,642,12,1055,0
1348,642,13,1092,0
1349,642,4,1231,0
1350,642,8,1444,0
1351,642,11,1213,0
1352,643,9,1200,0
1353,645,5,820,0
1354,647,8,0,1
1355,648,2,1113,0
1356,648,7,1081,0
1357,649,5,1012,0
1358,649,7,1014,0
1359,649,1,1501,0
1360,650,5,1541,0
1361,651,4,1108,0
1362,651,3,1369,0
1363,651,11,1585,0
1364,651,3,0,1
1365,651,11,873,0
1366,651,7,1282,0
1367,651,3,1006,0
1368,651,0,928,0
1369,651,4,1270,0
1370,652,10,1127,0
1371,652,9,1217,0
1372,652,4,0,1
1373,652,0,1234,0
1374,652,6,1490,0
1375,653,4,1443,0
1376,653,5,1568,0
1377,653,4,965,0
1378,654,13,1425,0
1379,654,4,1223,0
1380,654,10,1264,0
1381,654,1,836,0
1382,654,3,1195,0
1383,654,8,1363,0
1384,654,5,1596,0
1385,654,10,964,0
1386,654,12,1537,0
1387,654,7,1255,0
1388,655,11,1568,0
1389,655,8,882,0
1390,655,0,1547,0
1391,655,12,905,0
1392,655,0,1340,0
1393,655,11,1073,0
1394,656,8,1220,0
1395,656,4,1221,0
1396,656,6,0,1
1397,656,1,1258,0
1398,657,4,1062,0
1399,657,0,1381,0
1400,658,11,1062,0
1401,660,12,1185,0
1402,661,5,1500,0
1403,661,2,1264,0
1404,662,8,1181,0
1405,662,3,1532,0
1406,662,12,1186,0
1407,662,9,1231,0
1408,662,0,1500,0
1409,663,3,938,0
1410,663,6,1275,0
1411,664,0,1040,0
1412,664,7,1367,0
1413,665,11,1521,0
1414,669,6,1034,0
1415,669,0,1064,0
1416,669,11,1383,0
1417,669,4,1541,0
1418,669,1,1459,0
1419,669,4,1358,0
1420,673,6,1475,0
1421,675,8,1355,0
1422,675,2,1224,0
1423,675,3,847,0
1424,675,8,858,0
1425,676,1,1329,0
1426,676,8,990,0
1427,677,2,1105,0
1428,678,5,946,0
1429,680,8,1371,0
1430,681,6,1210,0
1431,681,11,1099,0
1432,681,3,1321,0
1433,682,7,1171,0
1434,682,3,943,0
1435,687,4,1202,0
1436,689,8,1227,0
1437,690,2,929,0
1438,690,2,1231,0
1439,690,7,1592,0
1440,690,2,842,0
1441,690,0,1594,0
1442,690,6,1226,0
1443,692,12,1291,0
1444,692,5,0,1
1445,696,7,1553,0
1446,698,11,848,0
1447,698,10,983,0
1448,700,13,1007,0
1449,700,4,1268,0
1450,701,13,1073,0
1451,701,11,874,0
1452,701,11,1518,0
1453,702,2,1460,0
1454,705,2,1022,0
1455,706,2,974,0
1456,707,10,833,0
1457,707,9,826,0
1458,707,12,968,0
1459,707,4,1456,0
1460,707,12,1341,0
1461,708,0,1034,0
1462,708,1,1235,0
1463,708,6,971,0
1464,711,12,1300,0
1465,711,11,1425,0
1466,711,5,1438,0
1467,711,9,1224,0
1468,711,5,1534,0
1469,711,1,919,0
1470,711,8,1595,0
1471,712,8,967,0
1472,712,5,1459,0
1473,714,6,1178,0
1474,714,8,932,0
1475,714,3,1241,0
1476,714,13,1374,0
1477,714,10,912,0
1478,717,5,1403,0
1479,717,11,1011,0
1480,720,10,1021,0
1481,721,12,885,0
1482,721,8,1017,0
1483,723,0,1380,0
1484,724,2,1565,0
1485,724,13,1528,0
1486,724,11,936,0
1487,724,3,878,0
1488,724,6,1425,0
1489,725,0,1129,0
1490,725,3,1070,0
1491,726,12,1258,0
1492,726,10,988,0
1493,726,6,1422,0
1494,726,1,0,1
1495,726,3,1251,0
1496,726,3,1486,0
1497,726,7,911,0
1498,727,3,0,1
1499,729,10,1292,0
1500,729,8,1256,0
1501,729,13,937,0
1502,729,7,0,1
1503,731,13,1239,0
1504,731,11,876,0
1505,731,3,1477,0
1506,731,6,1256,0
1507,732,0,1418,0
1508,732,7,1334,0
1509,732,1,1536,0
1510,732,11,1213,0
1511,733,10,1337,0
1512,733,11,1114,0
1513,734,2,1299,0
1514,735,2,930,0
1515,736,3,1166,0
1516,736,3,1426,0
1517,736,4,1366,0
1518,736,0,1006,0
1519,736,2,1453,0
1520,736,8,1065,0
1521,737,1,1017,0
1522,737,0,881,0
1523,738,9,811,0
1524,739,11,1347,0
1525,740,8,1157,0
1526,741,11,1157,0
1527,741,8,829,0
1528,742,9,1133,0
1529,744,10,1132,0
1530,745,3,1275,0
1531,745,7,917,0
1532,745,4,1181,0
1533,745,12,1256,0
1534,745,12,1229,0
1535,746,7,852,0
1536,746,0,1304,0
1537,747,0,1016,0
1538,747,3,1358,0
1539,747,7,1196,0
1540,748,5,1034,0
1541,748,5,1353,0
1542,748,13,865,0
1543,748,10,1237,0
1544,748,2,1568,0
1545,748,8,1531,0
1546,750,13,1447,0
1547,750,6,860,0
1548,750,0,1495,0
1549,750,0,1199,0
1550,751,3,1373,0
1551,751,5,1079,0
1552,751,12,1435,0
1553,751,8,1057,0
1554,752,6,1542,0
1555,752,10,1166,0
1556,752,2,1025,0
1557,752,3,1254,0
1558,753,0,1112,0
1559,753,10,1392,0
1560,754,4,1530,0
1561,754,5,0,1
1562,755,6,942,0
1563,755,9,1547,0
1564,755,13,1292,0
1565,756,7,1297,0
1566,756,0,1300,0
1567,756,8,1305,0
1568,757,6,1562,0
1569,757,0,921,0
1570,759,2,1332,0
1571,759,2,864,0
1572,760,11,1243,0
1573,762,13,1541,0
1574,763,7,1180,0
1575,763,3,1034,0
1576,764,9,1196,0
1577,764,6,1469,0
1578,764,2,948,0
1579,764,7,1362,0
1580,765,2,1223,0
1581,765,4,1252,0
1582,766,13,873,0
1583,766,13,1443,0
1584,767,12,1448,0
1585,768,6,906,0
1586,768,4,945,0
1587,768,13,958,0
1588,769,10,1255,0
1589,769,5,809,0
1590,769,11,1533,0
1591,769,12,1540,0
1592,770,1,973,0
1593,770,5,856,0
1594,771,7,1363,0
1595,771,12,886,0
1596,771,4,1382,0
1597,772,12,1312,0
1598,773,5,1016,0
1599,773,9,998,0
1600,774,8,1107,0
1601,774,4,1029,0
1602,775,5,0,1
1603,775,12,951,0
1604,775,4,871,0
1605,776,8,1010,0
1606,778,5,1470,0
1607,780,10,1037,0
1608,780,13,1308,0
1609,780,7,1201,0
1610,780,3,0,1
1611,782,11,1482,0
1612,782,0,1267,0
1613,782,1,1377,0
1614,783,9,1210,0
1615,783,12,1172,0
1616,783,12,1343,0
1617,783,2,1544,0
1618,783,12,863,0
1619,783,6,1222,0
1620,783,12,1537,0
1621,783,5,1302,0
1622,783,13,0,1
1623,783,8,1186,0
1624,783,12,1203,0
1625,785,12,908,0
1626,785,6,1338,0
1627,785,2,0,1
1628,787,4,864,0
1629,787,5,1430,0
1630,788,10,1477,0
1631,790,7,1539,0
1632,790,1,1250,0
1633,790,13,1559,0
1634,791,5,1229,0
1635,791,8,1267,0
1636,792,0,963,0
1637,793,6,975,0
1638,793,13,1418,0
1639,793,4,1385,0
1640,794,11,1303,0
1641,794,0,1092,0
1642,794,1,1097,0
1643,797,5,1178,0
1644,798,1,984,0
1645,799,9,1468,0
1646,801,13,1058,0
1647,802,6,1406,0
1648,802,7,0,1
1649,803,5,0,1
1650,806,3,994,0
1651,806,2,866,0
1652,806,3,1086,0
1653,807,4,1319,0
1654,809,10,1202,0
1655,809,7,1075,0
1656,809,3,1492,0
1657,810,5,1072,0
1658,810,0,0,1
1659,810,0,1361,0
1660,811,13,1022,0
1661,811,2,1398,0
1662,811,4,1095,0
1663,812,7,1541,0
1664,812,12,1182,0
1665,813,3,1044,0
1666,813,8,924,0
1667,814,10,1110,0
1668,815,4,880,0
1669,816,9,1094,0
1670,816,4,1176,0
1671,816,8,857,0
1672,817,11,1125,0
1673,817,0,1239,0
1674,817,3,1446,0
1675,818,5,1124,0
1676,818,13,803,0
1677,818,13,1116,0
1678,818,12,1498,0
1679,819,13,899,0
1680,820,2,1212,0
1681,820,10,1235,0
1682,820,1,1209,0
1683,821,11,1539,0
1684,821,11,834,0
1685,823,12,1381,0
1686,823,6,0,1
1687,824,6,0,1
1688,824,11,1223,0
1689,824,8,1208,0
1690,824,9,1559,0
1691,824,3,868,0
1692,824,8,1348,0
1693,824,12,1432,0
1694,824,0,801,0
1695,824,6,1070,0
1696,824,13,1129,0
1697,824,4,1396,0
1698,824,1,1334,0
1699,824,6,0,1
1700,825,7,1168,0
1701,825,2,1094,0
1702,826,9,1266,0
1703,826,5,1162,0
1704,827,9,1518,0
1705,827,5,1401,0
1706,827,4,1555,0
1707,827,13,976,0
1708,827,7,1247,0
1709,828,1,1215,0
1710,828,10,1359,0
1711,828,13,840,0
1712,828,6,1521,0
1713,828,10,1416,0
1714,829,5,1176,0
1715,830,7,1415,0
1716,836,8,1015,0
1717,836,0,1219,0
1718,837,13,1053,0
1719,837,2,1233,0
1720,838,11,1184,0
1721,838,11,1316,0
1722,838,2,836,0
1723,839,3,1294,0
1724,839,7,0,1
1725,839,9,1307,0
1726,839,4,1368,0
1727,839,7,1245,0
1728,840,1,1505,0
1729,841,1,1118,0
1730,841,4,1020,0
1731,841,4,995,0
1732,841,1,842,0
1733,842,8,1580,0
1734,844,12,1063,0
1735,844,3,1246,0
1736,844,9,1245,0
1737,846,1,1398,0
1738,846,5,1320,0
1739,847,13,1296,0
1740,847,13,1278,0
1741,849,1,1576,0
1742,849,3,810,0
1743,849,13,1017,0
1744,849,3,1492,0
1745,850,13,938,0
1746,852,13,1404,0
1747,853,12,1448,0
1748,853,9,1593,0
1749,856,10,1261,0
1750,857,13,1142,0
1751,858,0,1411,0
1752,858,8,844,0
1753,858,9,1314,0
1754,858,2,1054,0
1755,861,5,829,0
1756,861,0,991,0
1757,861,8,842,0
1758,861,8,877,0
1759,862,7,1138,0
1760,865,12,1583,0
1761,867,5,1130,0
1762,867,2,1131,0
1763,867,7,1529,0
1764,867,6,1204,0
1765,867,6,1041,0
1766,867,2,958,0
1767,868,7,1230,0
1768,868,9,1100,0
1769,869,5,849,0
1770,870,1,1108,0
1771,870,8,1204,0
1772,871,12,1025,0
1773,871,8,1270,0
1774,871,3,1549,0
1775,871,10,1498,0
1776,871,2,984,0
1777,872,11,877,0
1778,872,9,1275,0
1779,873,3,1099,0
1780,873,12,904,0
1781,873,7,1417,0
1782,873,7,993,0
1783,873,1,1311,0
1784,873,0,1016,0
1785,873,9,866,0
1786,875,2,827,0
1787,875,2,981,0
1788,875,12,853,0
1789,876,5,1450,0
1790,876,4,1338,0
1791,878,1,1085,0
1792,879,11,1186,0
1793,879,13,1308,0
1794,880,4,1506,0
1795,880,11,0,1
1796,880,7,1174,0
1797,881,7,1029,0
1798,881,2,1594,0
1799,881,10,1277,0
1800,881,10,1255,0
1801,882,12,1357,0
1802,882,13,1030,0
1803,882,6,1157,0
1804,883,4,1349,0
1805,883,8,1513,0
1806,884,10,1238,0
1807,884,0,1554,0
1808,884,5,978,0
1809,884,12,1510,0
1810,884,13,1386,0
1811,884,10,1167,0
1812,886,0,1579,0
1813,887,3,1213,0
1814,887,8,1474,0
1815,887,10,1289,0
1816,888,7,1507,0
1817,889,11,1105,0
1818,890,4,929,0
1819,891,5,907,0
1820,892,12,1291,0
1821,892,2,1390,0
1822,893,5,1009,0
1823,893,5,833,0
1824,893,3,0,1
1825,893,5,825,0
1826,893,9,1249,0
1827,893,11,989,0
1828,893,10,1471,0
1829,894,2,1213,0
1830,894,3,1149,0
1831,894,1,834,0
1832,894,11,1402,0
1833,894,13,1020,0
1834,895,3,1469,0
1835,897,12,937,0
1836,898,0,1339,0
1837,898,7,1316,0
1838,898,6,855,0
1839,899,3,1240,0
1840,899,13,1236,0
1841,899,12,1340,0
1842,899,6,1453,0
1843,899,0,876,0
1844,902,13,954,0
1845,902,2,1045,0
1846,902,4,1559,0
1847,902,11,1589,0
1848,902,13,1115,0
1849,902,3,1269,0
1850,902,8,1110,0
1851,902,6,1527,0
1852,902,6,804,0
1853,903,13,1556,0
1854,903,13,0,1
1855,907,11,0,1
1856,907,11,1387,0
1857,907,1,1493,0
1858,910,7,1432,0
1859,910,13,1139,0
1860,910,6,813,0
1861,911,3,1360,0
1862,911,7,1025,0
1863,911,4,1351,0
1864,912,7,908,0
1865,914,8,1040,0
1866,914,5,1359,0
1867,914,10,929,0
1868,915,2,1279,0
1869,915,13,1480,0
1870,916,10,975,0
1871,916,5,1415,0
1872,917,7,1598,0
1873,918,11,1330,0
1874,922,3,1590,0
1875,924,4,1359,0
1876,925,5,1520,0
1877,925,13,1337,0
1878,926,8,1450,0
1879,927,7,1545,0
1880,927,9,1116,0
1881,927,7,1199,0
1882,928,9,818,0
1883,928,13,1076,0
1884,928,2,1421,0
1885,928,6,1180,0
1886,929,1,0,1
1887,929,11,1125,0
1888,930,4,1155,0
1889,930,1,916,0
1890,931,5,1206,0
1891,932,7,1197,0
1892,932,7,1124,0
1893,932,1,1555,0
1894,932,13,931,0
1895,932,1,1422,0
1896,932,1,1447,0
1897,933,4,857,0
1898,933,3,866,0
1899,933,11,1485,0
1900,933,8,847,0
1901,933,5,1311,0
1902,933,9,993,0
1903,933,1,1549,0
1904,934,8,996,0
1905,935,4,985,0
1906,935,8,1401,0
1907,935,1,1524,0
1908,936,11,855,0
1909,937,0,1225,0
1910,937,9,1193,0
1911,937,9,884,0
1912,937,2,1353,0
1913,937,11,1158,0
1914,937,3,1329,0
1915,937,7,1073,0
1916,937,12,981,0
1917,938,2,1105,0
1918,938,6,1591,0
1919,938,8,1226,0
1920,939,4,876,0
1921,939,4,0,1
1922,939,6,1580,0
1923,939,2,876,0
1924,939,0,1112,0
1925,939,7,0,1
1926,939,13,1313,0
1927,941,9,858,0
1928,941,3,1552,0
1929,941,12,1388,0
1930,942,3,1273,0
1931,942,5,1024,0
1932,943,2,1140,0
1933,943,2,1404,0
1934,943,5,1026,0
1935,944,11,1359,0
1936,945,7,1285,0
1937,945,9,1357,0
1938,945,9,1372,0
1939,946,7,1504,0
1940,946,13,1328,0
1941,947,4,1038,0
1942,947,8,1582,0
1943,948,4,1478,0
1944,948,11,1592,0
1945,949,2,1283,0
1946,949,7,817,0
1947,951,0,1282,0
1948,951,12,1264,0
1949,951,9,1600,0
1950,951,0,1318,0
1951,952,2,1113,0
1952,952,9,1166,0
1953,952,3,1296,0
1954,953,12,1153,0
1955,955,13,1470,0
1956,955,9,1599,0
1957,957,2,888,0
1958,957,0,1536,0
1959,957,8,1063,0
1960,959,8,1235,0
1961,962,4,1394,0
1962,962,5,1415,0
1963,962,6,1377,0
1964,962,5,800,0
1965,962,9,1196,0
1966,963,9,944,0
1967,963,3,1239,0
1968,965,8,860,0
1969,965,0,1486,0
1970,965,8,1247,0
1971,965,1,835,0
1972,966,0,1420,0
1973,967,8,1085,0
1974,967,1,802,0
1975,967,3,1164,0
1976,967,0,1048,0
1977,969,5,1387,0
1978,969,3,1167,0
1979,969,5,1296,0
1980,969,12,1579,0
1981,971,10,851,0
1982,971,11,0,1
1983,973,11,1139,0
1984,974,0,1133,0
1985,974,7,1244,0
1986,974,6,1028,0
1987,976,10,1474,0
1988,976,6,1406,0
1989,976,5,811,0
1990,976,1,1214,0
1991,976,0,1267,0
1992,978,3,1196,0
1993,978,8,1594,0
1994,978,4,1057,0
1995,978,2,1450,0
1996,978,13,922,0
1997,979,12,1172,0
1998,979,9,1230,0
1999,980,11,1141,0
2000,980,8,1292,0
2001,980,1,1529,0
2002,980,2,875,0
2003,980,0,1574,0
2004,980,4,1468,0
2005,981,10,1333,0
2006,982,6,1251,0
2007,983,3,1417,0
2008,983,0,1517,0
2009,984,8,1594,0
2010,984,5,1154,0
2011,984,4,1342,0
2012,985,0,1306,0
2013,985,8,1477,0
2014,985,7,0,1
2015,987,12,1114,0
2016,988,2,826,0
2017,988,12,922,0
2018,989,2,1164,0
2019,989,10,1285,0
2020,990,10,830,0
2021,990,11,996,0
2022,990,3,1307,0
2023,991,5,1249,0
2024,991,10,1376,0
2025,992,1,1290,0
2026,992,0,826,0
2027,993,8,1004,0
2028,994,7,1342,0
2029,994,3,871,0
2030,996,4,1151,0
2031,997,0,1389,0
2032,997,4,1591,0
2033,997,13,1600,0
2034,998,7,1112,0
2035,998,10,1273,0
2036,998,10,1101,0
2037,998,8,1159,0
2038,998,8,1445,0
2039,999,3,1566,0
2040,1000,4,1562,0
2041,1000,10,1083,0
2042,1000,12,1306,0
2043,1001,5,849,0
2044,1001,3,1592,0
2045,1002,12,1300,0
2046,1002,12,1248,0
2047,1002,13,806,0
2048,1002,2,1349,0
2049,1002,4,805,0
2050,1002,13,1328,0
2051,1002,11,1284,0
2052,1003,10,1022,0
2053,1004,0,987,0
2054,1004,4,1437,0
2055,1004,13,1172,0
2056,1005,1,1588,0
2057,1005,0,1481,0
2058,1005,12,1027,0
2059,1006,5,1334,0
2060,1006,12,848,0
2061,1006,8,1092,0
2062,1006,5,1017,0
2063,1009,6,1472,0
2064,1009,7,1096,0
2065,1009,8,1159,0
2066,1011,5,1567,0
2067,1011,5,836,0
2068,1011,4,1590,0
2069,1011,2,0,1
2070,1011,12,1470,0
2071,1012,5,1351,0
2072,1012,5,952,0
2073,1012,10,862,0
2074,1013,8,1419,0
2075,1014,13,1337,0
2076,1015,6,1444,0
2077,1015,4,1367,0
2078,1015,13,0,1
2079,1015,7,1049,0
2080,1017,0,1166,0
2081,1017,9,1041,0
2082,1017,10,1201,0
2083,1017,11,1351,0
2084,1017,0,1013,0
2085,1017,13,1266,0
2086,1017,7,0,1
2087,1019,0,1149,0
2088,1019,2,1192,0
2089,1019,5,913,0
2090,1020,12,1538,0
2091,1021,3,998,0
2092,1021,13,887,0
2093,1022,6,975,0
2094,1022,12,1322,0
2095,1022,12,1070,0
2096,1022,7,1047,0
2097,1022,7,1231,0
2098,1022,4,871,0
2099,1023,2,1312,0
2100,1023,9,0,1
2101,1027,13,1478,0
2102,1027,10,1094,0
2103,1027,4,1073,0
2104,1028,1,932,0
2105,1029,12,1551,0
2106,1031,10,1238,0
2107,1031,3,1155,0
2108,1031,9,1249,0
2109,1034,6,1403,0
2110,1035,10,1314,0
2111,1035,7,819,0
2112,1035,3,1174,0
2113,1036,10,1536,0
2114,1036,12,1049,0
2115,1036,12,1067,0
2116,1037,7,1016,0
2117,1038,7,1493,0
2118,1038,13,1427,0
2119,1038,7,859,0
2120,1039,3,839,0
2121,1039,11,1059,0
2122,1039,0,1283,0
2123,1040,11,1345,0
2124,1041,3,1436,0
2125,1043,2,1295,0
2126,1043,0,0,1
2127,1043,11,813,0
2128,1043,4,853,0
2129,1043,4,1081,0
2130,1043,9,1269,0
2131,1044,11,1370,0
2132,1045,9,1192,0
2133,1045,8,1475,0
2134,1045,3,1254,0
2135,1045,0,1008,0
2136,1045,13,1114,0
2137,1045,6,0,1
2138,1045,0,1061,0
2139,1048,1,1417,0
2140,1051,13,0,1
2141,1051,10,905,0
2142,1052,11,1508,0
2143,1052,13,1393,0
2144,1053,1,1494,0
2145,1053,6,1458,0
2146,1053,13,1441,0
2147,1054,1,1045,0
2148,1054,3,1047,0
2149,1054,12,883,0
2150,1054,0,1525,0
2151,1054,12,1172,0
2152,1054,7,1550,0
2153,1054,4,826,0
2154,1056,7,1035,0
2155,1056,10,1499,0
2156,1056,3,872,0
2157,1056,13,1532,0
2158,1059,10,918,0
2159,1060,12,859,0
2160,1061,11,1452,0
2161,1063,3,1538,0
2162,1063,0,1074,0
2163,1063,9,0,1
2164,1063,13,1085,0
2165,1063,6,1463,0
2166,1065,11,1195,0
2167,1065,4,0,1
2168,1065,9,1211,0
2169,1065,0,916,0
2170,1065,7,1185,0
2171,1066,4,1144,0
2172,1066,13,863,0
2173,1067,1,1009,0
2174,1068,7,957,0
2175,1068,2,1359,0
2176,1070,5,1082,0
2177,1070,3,1516,0
2178,1072,1,1429,0
2179,1072,4,1012,0
2180,1072,3,1443,0
2181,1074,6,1165,0
2182,1075,2,1495,0
2183,1075,2,0,1
2184,1075,11,1265,0
2185,1076,8,883,0
2186,1078,3,805,0
2187,1080,0,1214,0
2188,1080,5,1245,0
2189,1080,2,1408,0
2190,1082,13,1474,0
2191,1082,8,1181,0
2192,1083,13,1242,0
2193,1083,6,1258,0
2194,1083,9,812,0
2195,1084,10,907,0
2196,1084,0,1437,0
2197,1084,9,1218,0
2198,1085,2,800,0
2199,1086,2,909,0
2200,1086,12,1182,0
2201,1087,5,887,0
2202,1087,11,1380,0
2203,1087,11,918,0
2204,1088,6,0,1
2205,1088,3,845,0
2206,1090,9,1503,0
2207,1090,8,1172,0
2208,1091,9,1548,0
2209,1091,10,824,0
2210,1091,0,805,0
2211,1091,5,883,0
2212,1091,2,1231,0
2213,1091,13,1034,0
2214,1091,4,941,0
2215,1093,13,1223,0
2216,1093,8,1016,0
2217,1093,0,1498,0
2218,1093,5,1280,0
2219,1093,1,993,0
2220,1093,12,1028,0
2221,1094,7,1067,0
2222,1096,3,1449,0
2223,1097,9,1562,0
2224,1098,5,874,0
2225,1098,3,1464,0
2226,1098,12,1470,0
2227,1098,6,1022,0
2228,1098,2,1595,0
2229,1098,6,1515,0
2230,1098,10,1163,0
2231,1098,2,821,0
2232,1098,7,1047,0
2233,1099,11,0,1
2234,1099,0,1497,0
2235,1100,3,0,1
2236,1100,4,1113,0
2237,1102,13,1382,0
2238,1102,12,821,0
2239,1103,5,837,0
2240,1103,2,1275,0
2241,1103,5,1163,0
2242,1104,5,1131,0
2243,1104,1,0,1
2244,1105,11,1053,0
2245,1105,10,849,0
2246,1105,6,1468,0
2247,1106,13,1538,0
2248,1106,13,803,0
2249,1106,7,928,0
2250,1106,12,1321,0
2251,1106,12,1172,0
2252,1107,7,1060,0
2253,1107,12,996,0
2254,1110,9,836,0
2255,1111,13,1208,0
2256,1111,7,1146,0
2257,1111,11,1170,0
2258,1111,12,1051,0
2259,1111,11,1110,0
2260,1111,3,1050,0
2261,1111,8,1299,0
2262,1112,5,1005,0
2263,1112,1,1330,0
2264,1112,6,1112,0
2265,1112,2,960,0
2266,1112,0,1442,0
2267,1113,10,1193,0
2268,1113,11,1584,0
2269,1114,8,1053,0
2270,1114,10,1142,0
2271,1114,7,1192,0
2272,1114,1,1252,0
2273,1115,8,1325,0
2274,1115,2,1115,0
2275,1116,1,1008,0
2276,1116,2,1142,0
2277,1116,7,1162,0
2278,1118,10,981,0
2279,1119,10,1246,0
2280,1119,9,1389,0
2281,1120,7,1509,0
2282,1120,10,1510,0
2283,1121,0,916,0
2284,1122,5,943,0
2285,1122,3,1229,0
2286,1123,5,1328,0
2287,1123,4,1157,0
2288,1125,1,1540,0
2289,1126,3,1182,0
2290,1127,7,1173,0
2291,1127,12,1596,0
2292,1128,5,1376,0
2293,1129,6,1326,0
2294,1130,2,1578,0
2295,1130,7,1594,0
2296,1130,13,986,0
2297,1130,4,0,1
2298,1134,12,1493,0
2299,1134,3,1155,0
2300,1134,11,1356,0
2301,1134,9,1557,0
2302,1136,6,1476,0
2303,1136,5,0,1
2304,1136,9,839,0
2305,1137,10,0,1
2306,1137,3,1476,0
2307,1137,11,1576,0
2308,1138,4,1097,0
2309,1138,11,1403,0
2310,1138,7,972,0
2311,1138,0,978,0
2312,1138,8,1187,0
2313,1139,10,882,0
2314,1140,3,1202,0
2315,1141,0,1061,0
2316,1141,10,1443,0
2317,1141,7,1344,0
2318,1141,4,875,0
2319,1141,8,956,0
2320,1141,10,1571,0
2321,1142,13,1504,0
2322,1142,0,1288,0
2323,1144,9,1567,0
2324,1144,3,1166,0
2325,1144,12,1003,0
2326,1146,6,1156,0
2327,1147,1,1600,0
2328,1149,6,1478,0
2329,1149,5,915,0
2330,1149,7,1166,0
2331,1150,5,950,0
2332,1150,9,857,0
2333,1150,0,997,0
2334,1150,1,1161,0
2335,1150,8,1074,0
2336,1150,1,893,0
2337,1150,11,1319,0
2338,1150,10,1575,0
2339,1151,6,804,0
2340,1151,9,1104,0
2341,1151,9,1551,0
2342,1151,8,1079,0
2343,1151,5,923,0
2344,1152,6,1363,0
2345,1152,0,814,0
2346,1153,3,805,0
2347,1153,8,1199,0
2348,1156,9,1360,0
2349,1156,3,1325,0
2350,1157,12,902,0
2351,1157,13,1472,0
2352,1157,1,1400,0
2353,1158,5,1241,0
2354,1158,0,1214,0
2355,1159,1,803,0
2356,1159,11,941,0
2357,1159,7,0,1
2358,1159,0,1259,0
2359,1159,5,1477,0
2360,1159,1,1415,0
2361,1159,10,1584,0
2362,1159,10,1391,0
2363,1160,10,827,0
2364,1160,5,1544,0
2365,1160,3,1268,0
2366,1161,11,1492,0
2367,1161,9,1172,0
2368,1163,4,1454,0
2369,1163,2,1254,0
2370,1163,1,1247,0
2371,1163,9,1556,0
2372,1163,0,880,0
2373,1163,3,1556,0
2374,1163,1,1456,0
2375,1163,2,1038,0
2376,1163,5,1073,0
2377,1163,0,0,1
2378,1164,4,1524,0
2379,1165,6,1195,0
2380,1165,9,844,0
2381,1166,12,1594,0
2382,1167,13,1551,0
2383,1167,0,872,0
2384,1167,0,1063,0
2385,1167,1,1098,0
2386,1167,9,1426,0
2387,1167,3,1570,0
2388,1167,9,1355,0
2389,1167,12,1547,0
2390,1169,0,1517,0
2391,1170,13,978,0
2392,1170,13,1574,0
2393,1170,5,1114,0
2394,1170,5,1161,0
2395,1171,10,1153,0
2396,1171,5,945,0
2397,1171,12,1254,0
2398,1171,4,1014,0
2399,1172,12,1209,0
2400,1172,3,1578,0
2401,1174,4,875,0
2402,1174,9,1253,0
2403,1174,11,1051,0
2404,1175,2,1385,0
2405,1176,0,1061,0
2406,1178,12,1324,0
2407,1178,7,883,0
2408,1178,10,1350,0
2409,1178,5,974,0
2410,1179,0,1466,0
2411,1179,8,1249,0
2412,1179,10,1122,0
2413,1179,1,1107,0
2414,1179,5,1199,0
2415,1180,2,1149,0
2416,1181,1,1477,0
2417,1181,3,1166,0
2418,1181,13,1448,0
2419,1183,10,1134,0
2420,1184,8,1466,0
2421,1184,11,1354,0
2422,1184,3,1003,0
2423,1184,7,1351,0
2424,1185,2,927,0
2425,1185,11,1222,0
2426,1186,12,912,0
2427,1186,7,1173,0
2428,1186,5,1594,0
2429,1186,0,1308,0
2430,1186,6,1164,0
2431,1186,13,964,0
2432,1187,6,1521,0
2433,1190,12,1213,0
2434,1190,7,1273,0
2435,1191,5,1325,0
2436,1191,13,1185,0
2437,1191,8,898,0
2438,1191,2,1388,0
2439,1191,4,1155,0
2440,1191,10,1192,0
2441,1193,12,1422,0
2442,1194,0,1458,0
2443,1194,3,1500,0
2444,1194,6,1355,0
2445,1195,2,1046,0
2446,1195,2,1541,0
2447,1195,2,1297,0
2448,1195,13,1279,0
2449,1195,3,1575,0
2450,1195,9,1462,0
2451,1195,10,1438,0
2452,1196,5,850,0
2453,1196,4,1559,0
2454,1196,2,1205,0
2455,1198,7,1587,0
2456,1198,0,1033,0
2457,1198,3,1266,0
2458,1198,12,1166,0
2459,1201,8,1220,0
2460,1201,3,1455,0
2461,1201,8,1368,0
2462,1201,3,978,0
2463,1201,9,975,0
2464,1201,12,891,0
2465,1201,8,1490,0
2466,1203,5,1011,0
2467,1203,10,832,0
2468,1203,7,866,0
2469,1204,6,1292,0
2470,1204,0,827,0
2471,1204,11,934,0
2472,1204,0,1197,0
2473,1205,3,1152,0
2474,1207,0,988,0
2475,1208,9,1151,0
2476,1208,3,1304,0
2477,1208,10,1558,0
2478,1209,5,1236,0
2479,1209,3,1456,0
2480,1209,11,1368,0
2481,1209,11,1364,0
2482,1209,1,1497,0
2483,1209,10,824,0
2484,1209,3,930,0
2485,1210,12,1000,0
2486,1210,2,1451,0
2487,1211,6,1069,0
2488,1211,0,1137,0
2489,1211,12,1561,0
2490,1213,0,1073,0
2491,1213,10,1479,0
2492,1213,1,1357,0
2493,1214,3,981,0
2494,1215,13,1474,0
2495,1215,0,1576,0
2496,1216,7,1325,0
2497,1216,8,846,0
2498,1217,10,1464,0
2499,1217,3,1139,0
2500,1217,9,1211,0
2501,1218,5,1258,0
2502,1218,7,852,0
2503,1218,9,1194,0
2504,1218,13,1154,0
2505,1219,2,1256,0
2506,1220,0,0,1
2507,1220,11,1381,0
2508,1220,5,1360,0
2509,1221,7,1119,0
2510,1224,9,1266,0
2511,1224,10,1516,0
2512,1224,7,1374,0
2513,1225,1,1456,0
2514,1226,9,1352,0
2515,1226,1,1431,0
2516,1226,10,1174,0
2517,1226,10,1244,0
2518,1227,10,1156,0
2519,1228,2,1152,0
2520,1228,1,1221,0
2521,1230,0,1256,0
2522,1230,10,896,0
2523,1230,4,1594,0
2524,1231,9,0,1
2525,1231,5,1505,0
2526,1231,6,886,0
2527,1231,3,838,0
2528,1231,10,1230,0
2529,1231,6,1255,0
2530,1231,1,921,0
2531,1232,2,975,0
2532,1232,11,809,0
2533,1233,3,843,0
2534,1234,8,1151,0
2535,1234,6,810,0
2536,1234,11,1508,0
2537,1235,9,869,0
2538,1235,4,0,1
2539,1236,5,1581,0
2540,1236,13,1416,0
2541,1236,6,1552,0
2542,1238,1,1097,0
2543,1238,11,1097,0
2544,1238,9,1068,0
2545,1238,1,1272,0
2546,1239,11,1192,0
2547,1239,0,886,0
2548,1242,10,0,1
2549,1242,9,1416,0
2550,1242,3,1301,0
2551,1242,5,1489,0
2552,1243,13,920,0
2553,1243,2,1568,0
2554,1245,3,1192,0
2555,1246,8,1029,0
2556,1246,12,1033,0
2557,1246,13,943,0
2558,1248,4,1276,0
2559,1248,0,1096,0
2560,1249,2,1286,0
2561,1249,9,1093,0
2562,1250,7,1217,0
2563,1250,1,955,0
2564,1250,10,1041,0
2565,1250,8,1100,0
2566,1251,8,1305,0
2567,1253,5,1494,0
2568,1253,1,1059,0
2569,1253,10,1505,0
2570,1253,13,1490,0
2571,1253,5,999,0
2572,1254,10,1581,0
2573,1254,3,1308,0
2574,1254,7,1515,0
2575,1255,7,879,0
2576,1256,10,1400,0
2577,1256,11,1477,0
2578,1256,0,850,0
2579,1257,1,1386,0
2580,1257,13,1599,0
2581,1257,6,1393,0
2582,1258,4,1270,0
2583,1258,11,866,0
2584,1258,3,1178,0
2585,1258,4,1393,0
2586,1258,12,859,0
2587,1258,2,1577,0
2588,1258,11,885,0
2589,1258,10,887,0
2590,1258,12,1064,0
2591,1258,7,1452,0
2592,1262,9,1535,0
2593,1263,8,1088,0
2594,1263,10,895,0
2595,1264,7,1540,0
2596,1264,13,813,0
2597,1264,6,1238,0
2598,1264,6,985,0
2599,1264,5,811,0
2600,1264,8,892,0
2601,1264,2,929,0
2602,1265,8,1310,0
2603,1266,6,1389,0
2604,1266,8,1483,0
2605,1266,13,1231,0
2606,1266,3,1141,0
2607,1266,5,972,0
2608,1266,0,890,0
2609,1267,4,1164,0
2610,1267,13,1012,0
2611,1267,12,1353,0
2612,1267,7,1282,0
2613,1267,6,1214,0
2614,1267,12,804,0
2615,1267,4,1511,0
2616,1267,4,1203,0
2617,1267,9,1365,0
2618,1267,3,1429,0
2619,1268,7,1247,0
2620,1270,5,887,0
2621,1270,3,1070,0
2622,1270,12,1131,0
2623,1271,7,907,0
2624,1271,3,1551,0
2625,1271,9,1304,0
2626,1272,6,1537,0
2627,1273,13,1328,0
2628,1274,11,1284,0
2629,1277,12,1287,0
2630,1277,4,936,0
2631,1278,8,1546,0
2632,1278,4,1418,0
2633,1278,11,1085,0
2634,1279,4,1491,0
2635,1279,9,1487,0
2636,1280,2,1571,0
2637,1283,12,1174,0
2638,1284,5,1396,0
2639,1285,2,1305,0
2640,1285,6,1201,0
2641,1285,4,935,0
2642,1285,9,1315,0
2643,1286,10,928,0
2644,1286,9,1123,0
2645,1286,0,1362,0
2646,1286,5,1240,0
2647,1286,4,1200,0
2648,1286,10,1246,0
2649,1286,2,1219,0
2650,1286,4,1067,0
2651,1288,9,1270,0
2652,1288,13,818,0
2653,1288,11,0,1
2654,1289,2,1363,0
2655,1289,13,1306,0
2656,1289,4,1230,0
2657,1290,8,875,0
2658,1291,8,1280,0
2659,1291,4,1140,0
2660,1292,5,1027,0
2661,1292,3,1165,0
2662,1293,7,0,1
2663,1294,0,1346,0
2664,1294,6,1320,0
2665,1294,12,1284,0
2666,1294,13,960,0
2667,1295,2,1427,0
2668,1295,10,1019,0
2669,1295,4,1001,0
2670,1295,2,1568,0
2671,1295,1,1377,0
2672,1295,11,877,0
2673,1297,11,1519,0
2674,1298,8,838,0
2675,1298,3,1292,0
2676,1300,13,1304,0
2677,1300,7,1174,0
2678,1302,5,1310,0
2679,1304,11,1229,0
2680,1304,9,1188,0
2681,1304,7,1254,0
2682,1304,11,1400,0
2683,1304,0,1511,0
2684,1307,12,1563,0
2685,1308,8,1534,0
2686,1308,9,959,0
2687,1309,3,1220,0
2688,1310,4,1169,0
2689,1311,2,1177,0
2690,1312,13,1393,0
2691,1315,6,1382,0
2692,1315,12,1105,0
2693,1316,11,1036,0
2694,1317,1,938,0
2695,1317,13,869,0
2696,1317,5,1189,0
2697,1317,0,1311,0
2698,1317,7,984,0
2699,1319,8,1557,0
2700,1321,3,1511,0
2701,1321,2,0,1
2702,1322,1,1480,0
2703,1322,3,1359,0
2704,1323,11,1380,0
2705,1323,13,1215,0
2706,1323,5,1373,0
2707,1323,7,1269,0
2708,1324,10,1467,0
2709,1324,2,806,0
2710,1324,13,928,0
2711,1324,13,1474,0
2712,1324,2,1181,0
2713,1324,13,1411,0
2714,1325,2,1313,0
2715,1325,2,1054,0
2716,1325,8,945,0
2717,1325,10,1320,0
2718,1325,6,1599,0
2719,1325,13,841,0
2720,1326,3,1574,0
2721,1327,1,1364,0
2722,1327,2,1417,0
2723,1327,7,822,0
2724,1329,6,1120,0
2725,1329,2,1342,0
2726,1329,13,1059,0
2727,1330,7,857,0
2728,1332,7,0,1
2729,1332,8,1082,0
2730,1332,1,987,0
2731,1333,4,1084,0
2732,1333,9,1215,0
2733,1333,0,1146,0
2734,1336,10,1375,0
2735,1337,9,1483,0
2736,1339,13,948,0
2737,1339,12,1349,0
2738,1339,7,864,0
2739,1340,6,899,0
2740,1340,4,1597,0
2741,1340,12,1414,0
2742,1342,0,816,0
2743,1342,11,1174,0
2744,1342,6,1009,0
2745,1342,11,1321,0
2746,1342,3,1451,0
2747,1343,5,1390,0
2748,1343,2,969,0
2749,1344,9,924,0
2750,1344,9,968,0
2751,1344,5,1027,0
2752,1344,13,1261,0
2753,1346,5,1059,0
2754,1347,8,1441,0
2755,1347,5,1154,0
2756,1347,0,1596,0
2757,1348,5,1116,0
2758,1349,11,1576,0
2759,1349,5,1114,0
2760,1349,3,982,0
2761,1351,1,1423,0
2762,1351,9,1348,0
2763,1351,6,929,0
2764,1351,8,1488,0
2765,1354,12,1073,0
2766,1354,12,1388,0
2767,1354,3,1447,0
2768,1354,9,1150,0
2769,1357,9,888,0
2770,1357,8,1163,0
2771,1357,1,821,0
2772,1357,13,1064,0
2773,1359,3,1460,0
2774,1359,2,1127,0
2775,1359,4,1400,0
2776,1360,8,1365,0
2777,1360,6,1198,0
2778,1360,3,887,0
2779,1361,11,833,0
2780,1361,10,1452,0
2781,1361,7,1071,0
2782,1363,4,1313,0
2783,1363,13,1391,0
2784,1364,7,0,1
2785,1364,11,1243,0
2786,1364,5,1237,0
2787,1365,13,1393,0
2788,1365,3,1103,0
2789,1366,0,1316,0
2790,1367,13,802,0
2791,1367,4,1029,0
2792,1367,2,915,0
2793,1367,4,1205,0
2794,1369,11,1210,0
2795,1370,8,1232,0
2796,1370,4,1580,0
2797,1370,9,949,0
2798,1370,13,1401,0
2799,1370,12,1575,0
2800,1370,5,0,1
2801,1371,3,1222,0
2802,1371,1,1086,0
2803,1371,1,1159,0
2804,1371,6,1123,0
2805,1371,0,1490,0
2806,1371,12,969,0
2807,1371,2,1055,0
2808,1371,11,1543,0
2809,1372,13,1451,0
2810,1372,13,956,0
2811,1372,5,0,1
2812,1373,5,1288,0
2813,1375,7,1227,0
2814,1375,9,872,0
2815,1375,7,0,1
2816,1376,12,1343,0
2817,1376,6,1282,0
2818,1376,1,862,0
2819,1376,3,931,0
2820,1377,0,1536,0
2821,1377,9,1122,0
2822,1377,9,1057,0
2823,1377,2,1344,0
2824,1377,5,805,0
2825,1377,7,0,1
2826,1377,8,845,0
2827,1377,9,981,0
2828,1378,9,1478,0
2829,1379,11,1292,0
2830,1379,8,1393,0
2831,1380,11,821,0
2832,1381,11,1151,0
2833,1382,8,1464,0
2834,1382,10,1073,0
2835,1382,11,941,0
2836,1382,1,1257,0
2837,1383,7,1270,0
2838,1383,13,824,0
2839,1383,11,1328,0
2840,1383,7,972,0
2841,1384,7,865,0
2842,1385,2,980,0
2843,1385,9,999,0
2844,1386,3,1393,0
2845,1388,3,1343,0
2846,1389,0,1111,0
2847,1390,2,919,0
2848,1391,1,1308,0
2849,1391,5,963,0
2850,1391,9,1081,0
2851,1391,11,1089,0
2852,1391,11,1045,0
2853,1392,4,1507,0
2854,1393,10,1038,0
2855,1393,7,1480,0
2856,1393,11,1089,0
2857,1394,12,1539,0
2858,1395,6,1568,0
2859,1395,11,991,0
2860,1395,10,1294,0
2861,1396,0,1473,0
2862,1396,6,1074,0
2863,1397,1,1016,0
2864,1397,5,1196,0
2865,1397,6,868,0
2866,1397,4,871,0
2867,1397,0,1260,0
2868,1397,3,911,0
2869,1398,9,1495,0
2870,1398,5,1341,0
2871,1398,4,1560,0
2872,1398,4,1301,0
2873,1399,5,894,0
2874,1399,12,1538,0
2875,1399,13,1283,0
2876,1400,9,1397,0
2877,1400,4,1372,0
2878,1400,9,1518,0
2879,1401,4,1456,0
2880,1401,1,1467,0
2881,1401,13,887,0
2882,1403,5,1105,0
2883,1403,13,1368,0
2884,1403,7,1323,0
2885,1404,0,1089,0
2886,1405,11,1213,0
2887,1405,8,1410,0
2888,1405,6,1578,0
2889,1407,0,901,0
2890,1407,1,1132,0
2891,1407,8,839,0
2892,1407,2,1357,0
2893,1411,5,1097,0
2894,1411,8,1330,0
2895,1411,11,885,0
2896,1411,3,1028,0
2897,1411,11,1026,0
2898,1412,4,1508,0
2899,1412,10,1250,0
2900,1413,11,1115,0
2901,1413,4,1119,0
2902,1416,0,812,0
2903,1417,12,947,0
2904,1417,5,960,0
2905,1417,2,1544,0
2906,1418,11,1260,0
2907,1419,13,1512,0
2908,1419,0,853,0
2909,1419,0,1436,0
2910,1419,11,1597,0
2911,1419,4,1329,0
2912,1419,4,843,0
2913,1419,1,1109,0
2914,1421,1,893,0
2915,1421,0,1208,0
2916,1421,13,1502,0
2917,1421,12,1250,0
2918,1421,2,1206,0
2919,1421,13,952,0
2920,1422,12,891,0
2921,1422,0,1282,0
2922,1422,3,1524,0
2923,1422,7,1571,0
2924,1422,8,1008,0
2925,1423,0,1290,0
2926,1423,1,1326,0
2927,1424,3,1561,0
2928,1424,13,1268,0
2929,1424,4,1452,0
2930,1424,7,1087,0
2931,1424,4,965,0
2932,1424,5,993,0
2933,1425,2,1482,0
2934,1425,0,1020,0
2935,1425,9,1319,0
2936,1425,2,1254,0
2937,1426,6,1050,0
2938,1427,12,1076,0
2939,1427,10,1122,0
2940,1427,12,1221,0
2941,1427,6,974,0
2942,1427,4,901,0
2943,1428,6,1191,0
2944,1429,9,1393,0
2945,1429,3,942,0
2946,1429,5,925,0
2947,1431,12,901,0
2948,1431,6,0,1
2949,1432,3,1043,0
2950,1432,0,1013,0
2951,1432,9,901,0
2952,1432,6,1527,0
2953,1434,6,1161,0
2954,1435,10,949,0
2955,1436,8,1034,0
2956,1437,2,815,0
2957,1438,10,1397,0
2958,1439,7,1175,0
2959,1441,7,1196,0
2960,1441,8,1403,0
2961,1441,0,832,0
2962,1441,3,1428,0
2963,1441,7,911,0
2964,1441,8,1421,0
2965,1441,12,975,0
2966,1441,7,1510,0
2967,1442,10,869,0
2968,1443,10,1141,0
2969,1443,10,876,0
2970,1443,8,1392,0
2971,1444,2,1391,0
2972,1444,2,1087,0
2973,1445,8,1551,0
2974,1446,6,1558,0
2975,1446,10,0,1
2976,1446,4,1269,0
2977,1446,10,883,0
2978,1447,8,1384,0
2979,1447,9,0,1
2980,1448,3,1430,0
2981,1448,0,913,0
2982,1448,0,1228,0
2983,1448,7,1325,0
2984,1449,4,1021,0
2985,1450,5,1180,0
2986,1452,1,1064,0
2987,1452,13,886,0
2988,1453,0,1523,0
2989,1454,9,1044,0
2990,1454,6,0,1
2991,1454,4,845,0
2992,1454,12,1386,0
2993,1454,3,801,0
2994,1454,3,1388,0
2995,1454,13,961,0
2996,1454,12,832,0
2997,1455,6,1569,0
2998,1455,7,1272,0
2999,1456,9,1217,0
3000,1457,7,854,0
3001,1457,12,1082,0
3002,1457,12,1327,0
3003,1457,11,1383,0
3004,1459,9,1155,0
3005,1459,4,1184,0
3006,1459,11,1444,0
3007,1459,4,1170,0
3008,1460,4,0,1
3009,1460,11,991,0
3010,1461,13,955,0
3011,1462,5,1155,0
3012,1462,4,875,0
3013,1463,8,1404,0
3014,1465,4,1375,0
3015,1465,11,1459,0
3016,1466,7,1419,0
3017,1466,10,813,0
3018,1467,0,1334,0
3019,1468,7,1317,0
3020,1469,8,1062,0
3021,1470,12,1042,0
3022,1470,0,1230,0
3023,1470,8,1005,0
3024,1471,0,1051,0
3025,1471,11,1568,0
3026,1472,9,870,0
3027,1472,5,958,0
3028,1472,12,1239,0
3029,1472,6,1337,0
3030,1473,13,887,0
3031,1473,13,1067,0
3032,1473,12,968,0
3033,1473,5,1172,0
3034,1473,3,1318,0
3035,1475,6,855,0
3036,1475,3,1032,0
3037,1476,12,1387,0
3038,1476,10,1144,0
3039,1476,11,1387,0
3040,1477,8,827,0
3041,1477,1,1139,0
3042,1477,7,821,0
3043,1477,6,976,0
3044,1477,2,1019,0
3045,1477,9,989,0
3046,1478,12,1047,0
3047,1480,2,1150,0
3048,1480,6,1181,0
3049,1480,5,1507,0
3050,1481,1,1284,0
3051,1483,6,1461,0
3052,1483,8,970,0
3053,1483,6,1259,0
3054,1483,9,921,0
3055,1484,10,1182,0
3056,1484,5,1417,0
3057,1484,2,1203,0
3058,1484,1,852,0
3059,1484,7,1403,0
3060,1484,2,1362,0
3061,1485,2,1069,0
3062,1485,1,1503,0
3063,1485,3,1406,0
3064,1487,11,1245,0
3065,1487,11,1357,0
3066,1487,13,1410,0
3067,1488,11,1493,0
3068,1488,10,0,1
3069,1488,2,1283,0
3070,1489,2,808,0
3071,1489,3,1381,0
3072,1489,4,943,0
3073,1490,0,1128,0
3074,1490,7,1315,0
3075,1493,11,1219,0
3076,1494,8,1422,0
3077,1494,5,962,0
3078,1494,5,1007,0
3079,1494,7,906,0
3080,1494,2,850,0
3081,1494,7,1221,0
3082,1495,0,1150,0
3083,1496,9,1281,0
3084,1497,6,1212,0
3085,1499,3,933,0
3086,1499,4,910,0
3087,1499,4,1176,0
3088,1499,7,1245,0
3089,1499,9,1588,0
3090,1500,0,841,0
3091,1500,8,1069,0
3092,1502,1,1426,0
3093,1502,13,864,0
3094,1504,0,0,1
3095,1505,10,848,0
3096,1505,11,1061,0
3097,1505,2,1298,0
3098,1506,3,1457,0
3099,1506,0,920,0
3100,1507,8,1437,0
3101,1508,8,1348,0
3102,1509,3,1299,0
3103,1509,4,1302,0
3104,1510,6,1032,0
3105,1510,13,1489,0
3106,1510,7,845,0
3107,1511,0,1038,0
3108,1512,0,951,0
3109,1513,12,1199,0
3110,1513,13,1252,0
3111,1515,12,1366,0
3112,1515,8,1488,0
3113,1516,7,1097,0
3114,1516,6,1006,0
3115,1516,13,900,0
3116,1516,12,864,0
3117,1516,12,1131,0
3118,1517,8,974,0
3119,1518,5,1211,0
3120,1519,9,1211,0
3121,1520,13,1479,0
3122,1521,8,1356,0
3123,1523,6,1270,0
3124,1523,13,1494,0
3125,1523,10,972,0
3126,1523,10,1307,0
3127,1523,10,1109,0
3128,1523,5,1050,0
3129,1523,11,1079,0
3130,1524,1,1192,0
3131,1524,10,961,0
3132,1524,5,1064,0
3133,1524,11,1254,0
3134,1526,12,1451,0
3135,1527,4,1554,0
3136,1528,3,1431,0
3137,1528,2,1495,0
3138,1528,11,855,0
3139,1528,2,808,0
3140,1529,2,814,0
3141,1529,5,1153,0
3142,1529,12,1068,0
3143,1529,2,1514,0
3144,1530,11,867,0
3145,1531,5,1357,0
3146,1531,11,1273,0
3147,1531,10,923,0
3148,1531,5,1215,0
3149,1531,8,1366,0
3150,1531,6,1161,0
3151,1531,4,0,1
3152,1531,3,1042,0
3153,1532,8,1310,0
3154,1532,12,1448,0
3155,1532,12,1426,0
3156,1533,2,891,0
3157,1533,13,1048,0
3158,1533,0,1591,0
3159,1533,1,966,0
3160,1534,6,1174,0
3161,1534,6,1292,0
3162,1534,12,985,0
3163,1534,12,1272,0
3164,1535,12,1300,0
3165,1536,10,1141,0
3166,1536,3,1467,0
3167,1536,3,1453,0
3168,1536,13,1448,0
3169,1536,12,1164,0
3170,1537,5,944,0
3171,1538,7,1346,0
3172,1538,7,1019,0
3173,1538,0,939,0
3174,1538,12,1329,0
3175,1538,10,1379,0
3176,1538,11,907,0
3177,1540,4,1241,0
3178,1540,11,1034,0
3179,1541,2,967,0
3180,1541,9,955,0
3181,1541,11,1147,0
3182,1543,13,1249,0
3183,1543,9,1197,0
3184,1543,8,939,0
3185,1544,2,1284,0
3186,1544,6,1114,0
3187,1545,12,1518,0
3188,1545,4,996,0
3189,1546,2,1332,0
3190,1546,1,1569,0
3191,1548,11,1464,0
3192,1549,12,1406,0
3193,1549,0,931,0
3194,1549,13,907,0
3195,1551,6,844,0
3196,1552,10,1545,0
3197,1552,0,1065,0
3198,1553,8,1241,0
3199,1553,11,1171,0
3200,1553,7,1226,0
3201,1553,8,1154,0
3202,1554,6,1165,0
3203,1554,2,1388,0
3204,1554,0,930,0
3205,1554,8,1363,0
3206,1555,11,1500,0
3207,1556,13,867,0
3208,1557,12,823,0
3209,1557,6,1392,0
3210,1560,9,988,0
3211,1560,2,1083,0
3212,1560,0,1022,0
3213,1560,2,831,0
3214,1561,3,999,0
3215,1561,4,0,1
3216,1562,0,1457,0
3217,1562,0,1486,0
3218,1565,4,1020,0
3219,1566,5,1042,0
3220,1568,5,0,1
3221,1568,8,1484,0
3222,1568,8,1404,0
3223,1568,6,1370,0
3224,1568,12,1006,0
3225,1569,8,1535,0
3226,1569,2,1372,0
3227,1569,12,931,0
3228,1569,5,1321,0
3229,1569,2,1050,0
3230,1569,6,867,0
3231,1569,7,1339,0
3232,1569,11,949,0
3233,1569,3,972,0
3234,1570,7,881,0
3235,1570,5,904,0
3236,1576,11,1058,0
3237,1576,12,1120,0
3238,1576,9,1586,0
3239,1576,10,1133,0
3240,1578,7,1090,0
3241,1579,4,1515,0
3242,1579,4,1137,0
3243,1579,10,1062,0
3244,1579,13,1561,0
3245,1579,13,905,0
3246,1579,5,1227,0
3247,1579,2,1335,0
3248,1580,6,1510,0
3249,1581,9,1361,0
3250,1581,9,1519,0
3251,1581,5,1120,0
3252,1582,7,1542,0
3253,1584,8,1446,0
3254,1584,9,1490,0
3255,1584,12,1486,0
3256,1585,7,1484,0
3257,1586,9,816,0
3258,1586,5,1091,0
3259,1586,7,1528,0
3260,1586,6,1286,0
3261,1586,5,959,0
3262,1587,7,1101,0
3263,1588,8,1354,0
3264,1589,1,1002,0
3265,1590,3,1495,0
3266,1591,1,1247,0
3267,1591,8,1479,0
3268,1591,3,1234,0
3269,1592,7,1252,0
3270,1592,9,1019,0
3271,1592,3,1104,0
3272,1592,7,920,0
3273,1593,13,1031,0
3274,1594,5,1473,0
3275,1594,10,1389,0
3276,1594,5,1253,0
3277,1594,4,875,0
3278,1595,11,931,0
3279,1595,7,914,0
3280,1595,1,990,0
3281,1595,8,815,0
3282,1595,2,1315,0
3283,1595,9,1332,0
3284,1596,7,1249,0
3285,1597,12,1551,0
3286,1597,10,1457,0
3287,1597,0,862,0
3288,1598,9,1090,0
3289,1601,0,1329,0
3290,1602,4,846,0
3291,1602,12,1060,0
3292,1603,2,1331,0
3293,1604,0,821,0
3294,1604,1,1595,0
3295,1606,12,826,0
3296,1606,10,1173,0
3297,1606,6,986,0
3298,1606,5,834,0
3299,1606,13,1565,0
3300,1606,13,803,0
3301,1606,9,1513,0
3302,1607,12,1424,0
3303,1608,7,1539,0
3304,1610,1,1032,0
3305,1612,4,1085,0
3306,1613,8,1589,0
3307,1613,4,1542,0
3308,1613,0,1247,0
3309,1613,7,1433,0
3310,1614,10,1170,0
3311,1614,0,1464,0
3312,1614,6,895,0
3313,1615,9,1208,0
3314,1615,5,945,0
3315,1615,11,1327,0
3316,1615,1,1018,0
3317,1615,0,1150,0
3318,1616,5,1527,0
3319,1616,8,1092,0
3320,1617,12,1115,0
3321,1617,10,923,0
3322,1618,9,844,0
3323,1618,13,0,1
3324,1619,9,1402,0
3325,1619,8,1079,0
3326,1619,11,967,0
3327,1620,4,1377,0
3328,1621,7,1162,0
3329,1622,10,1086,0
3330,1623,12,972,0
3331,1623,2,1432,0
3332,1623,0,902,0
3333,1624,12,1591,0
3334,1624,13,1410,0
3335,1624,6,1250,0
3336,1625,4,1377,0
3337,1626,7,1313,0
3338,1627,4,1084,0
3339,1627,10,0,1
3340,1627,12,1356,0
3341,1627,4,1556,0
3342,1628,5,1075,0
3343,1628,2,1444,0
3344,1630,4,1210,0
3345,1631,10,983,0
3346,1631,9,840,0
3347,1631,12,1300,0
3348,1631,13,1217,0
3349,1634,7,1250,0
3350,1634,4,1092,0
3351,1634,6,1412,0
3352,1635,13,1445,0
3353,1636,5,1105,0
3354,1636,8,967,0
3355,1636,9,0,1
3356,1636,6,1365,0
3357,1636,2,856,0
3358,1638,2,986,0
3359,1640,11,1600,0
3360,1640,6,933,0
3361,1641,12,1365,0
3362,1641,2,1232,0
3363,1641,10,1593,0
3364,1641,2,1583,0
3365,1642,3,1577,0
3366,1642,12,963,0
3367,1642,5,1442,0
3368,1645,7,1409,0
3369,1647,8,1120,0
3370,1647,13,1445,0
3371,1647,11,1050,0
3372,1648,13,1021,0
3373,1648,4,1080,0
3374,1648,1,1576,0
3375,1648,5,1013,0
3376,1649,6,1035,0
3377,1650,0,1337,0
3378,1650,0,1353,0
3379,1651,0,1406,0
3380,1651,12,1454,0
3381,1651,12,1016,0
3382,1653,11,975,0
3383,1653,2,0,1
3384,1654,8,1405,0
3385,1654,2,1496,0
3386,1655,7,1070,0
3387,1655,1,1222,0
3388,1657,7,1350,0
3389,1657,5,1223,0
3390,1657,7,1494,0
3391,1657,11,1486,0
3392,1657,12,949,0
3393,1658,4,875,0
3394,1658,13,1593,0
3395,1658,7,1201,0
3396,1658,1,1455,0
3397,1659,8,1501,0
3398,1659,7,1402,0
3399,1660,2,1491,0
3400,1660,1,1099,0
3401,1660,8,1428,0
3402,1660,7,1358,0
3403,1661,8,1266,0
3404,1661,0,808,0
3405,1663,8,1091,0
3406,1663,1,1501,0
3407,1664,0,1489,0
3408,1665,9,1150,0
3409,1665,6,1394,0
3410,1667,11,1065,0
3411,1668,4,1488,0
3412,1669,12,877,0
3413,1670,3,1017,0
3414,1671,0,1366,0
3415,1672,8,1069,0
3416,1673,8,1176,0
3417,1673,6,1052,0
3418,1673,7,1576,0
3419,1675,7,859,0
3420,1677,9,808,0
3421,1677,7,917,0
3422,1677,5,879,0
3423,1680,12,886,0
3424,1680,13,1085,0
3425,1680,0,1194,0
3426,1680,7,895,0
3427,1680,7,1287,0
3428,1682,6,842,0
3429,1683,3,0,1
3430,1683,7,1389,0
3431,1684,8,1340,0
3432,1685,4,1292,0
3433,1685,8,1221,0
3434,1685,4,1588,0
3435,1685,1,883,0
3436,1685,13,1085,0
3437,1686,1,1381,0
3438,1686,1,0,1
3439,1686,13,1594,0
3440,1689,13,1108,0
3441,1690,8,1251,0
3442,1690,11,815,0
3443,1690,9,968,0
3444,1690,9,1349,0
3445,1690,0,1157,0
3446,1690,2,1582,0
3447,1690,3,928,0
3448,1692,11,1161,0
3449,1692,12,1421,0
3450,1692,9,1220,0
3451,1692,11,955,0
3452,1692,4,1572,0
3453,1694,7,1096,0
3454,1695,4,922,0
3455,1696,9,838,0
3456,1696,12,1089,0
3457,1696,13,891,0
3458,1696,6,817,0
3459,1697,7,906,0
3460,1697,4,969,0
3461,1698,8,1126,0
3462,1699,13,1123,0
3463,1699,7,1270,0
3464,1700,8,874,0
3465,1700,13,1593,0
3466,1701,13,1181,0
3467,1701,11,1130,0
3468,1702,13,1146,0
3469,1702,4,1197,0
3470,1702,11,984,0
3471,1703,4,1352,0
3472,1703,4,1135,0
3473,1703,8,1379,0
3474,1704,2,1197,0
3475,1705,3,1598,0
3476,1706,3,1462,0
3477,1706,7,1108,0
3478,1707,5,997,0
3479,1707,7,1600,0
3480,1707,9,1006,0
3481,1707,8,870,0
3482,1708,7,1405,0
3483,1708,0,945,0
3484,1709,5,1542,0
3485,1709,13,830,0
3486,1710,6,824,0
3487,1711,3,1173,0
3488,1711,8,1128,0
3489,1711,6,1118,0
3490,1711,7,989,0
3491,1712,13,1307,0
3492,1713,13,816,0
3493,1715,4,1393,0
3494,1716,10,993,0
3495,1716,7,979,0
3496,1716,13,840,0
3497,1718,8,1325,0
3498,1719,2,1260,0
3499,1719,9,988,0
3500,1719,5,891,0
3501,1720,4,991,0
3502,1721,13,1559,0
3503,1721,8,1198,0
3504,1721,8,1464,0
3505,1721,6,1504,0
3506,1721,4,950,0
3507,1722,8,1473,0
3508,1723,2,857,0
3509,1723,1,0,1
3510,1723,4,885,0
3511,1723,8,1072,0
3512,1723,0,813,0
3513,1725,12,1525,0
3514,1725,13,1167,0
3515,1726,5,836,0
3516,1726,7,1077,0
3517,1726,2,1014,0
3518,1727,6,1094,0
3519,1727,13,857,0
3520,1729,3,1527,0
3521,1730,8,826,0
3522,1730,4,1360,0
3523,1730,6,1031,0
3524,1730,7,1531,0
3525,1733,1,1315,0
3526,1733,11,858,0
3527,1736,3,895,0
3528,1738,6,928,0
3529,1740,2,1362,0
3530,1740,4,1568,0
3531,1743,6,934,0
3532,1743,11,993,0
3533,1743,8,1502,0
3534,1743,5,1183,0
3535,1744,8,875,0
3536,1744,4,1274,0
3537,1744,8,1451,0
3538,1745,7,1211,0
3539,1745,7,1398,0
3540,1746,7,1554,0
3541,1746,1,1306,0
3542,1746,9,1491,0
3543,1747,3,1397,0
3544,1748,4,1277,0
3545,1748,2,1038,0
3546,1748,1,1533,0
3547,1748,5,1401,0
3548,1748,12,1367,0
3549,1749,7,897,0
3550,1749,5,1418,0
3551,1749,11,1358,0
3552,1749,3,1363,0
3553,1751,6,1519,0
3554,1751,1,1574,0
3555,1751,12,1404,0
3556,1752,4,891,0
3557,1752,6,1386,0
3558,1753,6,834,0
3559,1753,8,1278,0
3560,1754,7,1004,0
3561,1755,13,0,1
3562,1755,10,834,0
3563,1756,1,1549,0
3564,1756,6,0,1
3565,1756,12,1408,0
3566,1756,1,1480,0
3567,1758,0,1003,0
3568,1759,3,1551,0
3569,1760,8,1012,0
3570,1760,2,1172,0
3571,1760,2,1506,0
3572,1761,13,1568,0
3573,1761,4,1545,0
3574,1761,13,1270,0
3575,1761,6,1379,0
3576,1762,2,1371,0
3577,1763,6,1249,0
3578,1763,0,1082,0
3579,1764,13,986,0
3580,1765,9,824,0
3581,1765,11,989,0
3582,1766,11,1486,0
3583,1767,7,871,0
3584,1767,7,1466,0
3585,1767,8,848,0
3586,1767,7,826,0
3587,1767,12,1477,0
3588,1768,3,1130,0
3589,1768,8,1089,0
3590,1768,8,1502,0
3591,1769,12,1246,0
3592,1770,7,858,0
3593,1771,10,1203,0
3594,1771,8,1002,0
3595,1773,7,1053,0
3596,1773,0,933,0
3597,1773,5,1266,0
3598,1773,12,1295,0
3599,1773,7,1176,0
3600,1774,2,1518,0
3601,1774,11,1484,0
3602,1775,3,1365,0
3603,1777,10,1269,0
3604,1777,5,931,0
3605,1777,6,910,0
3606,1777,8,1257,0
3607,1778,12,1174,0
3608,1778,1,1007,0
3609,1778,9,880,0
3610,1779,1,1089,0
3611,1779,12,1406,0
3612,1779,13,0,1
3613,1779,9,1378,0
3614,1779,7,1446,0
3615,1780,1,1582,0
3616,1780,10,895,0
3617,1781,10,1379,0
3618,1781,13,1366,0
3619,1781,12,1503,0
3620,1781,0,1295,0
3621,1783,4,1565,0
3622,1783,6,1439,0
3623,1783,9,1352,0
3624,1783,1,894,0
3625,1783,4,1239,0
3626,1783,7,1197,0
3627,1784,3,1146,0
3628,1785,6,1512,0
3629,1785,9,1535,0
3630,1785,7,1449,0
3631,1785,13,1524,0
3632,1785,10,1013,0
3633,1786,1,1438,0
3634,1786,4,950,0
3635,1786,4,816,0
3636,1786,10,0,1
3637,1786,0,1561,0
3638,1786,0,1197,0
3639,1786,13,1138,0
3640,1787,6,924,0
3641,1787,10,975,0
3642,1787,2,1102,0
3643,1790,2,1232,0
3644,1790,11,1437,0
3645,1791,7,1343,0
3646,1791,2,1453,0
3647,1791,4,1144,0
3648,1791,7,0,1
3649,1792,0,1068,0
3650,1792,3,1064,0
3651,1793,10,1477,0
3652,1794,6,1115,0
3653,1794,4,1223,0
3654,1795,10,1476,0
3655,1797,12,0,1
3656,1797,11,955,0
3657,1797,8,1375,0
3658,1797,1,1392,0
3659,1797,11,1014,0
3660,1798,8,1555,0
3661,1798,9,1227,0
3662,1800,6,837,0
3663,1800,9,1596,0
3664,1800,5,1056,0
3665,1801,12,1095,0
3666,1803,12,1011,0
3667,1803,11,1360,0
3668,1804,5,1424,0
3669,1804,9,1281,0
3670,1804,3,1405,0
3671,1804,12,846,0
3672,1806,3,877,0
3673,1806,3,1219,0
3674,1806,0,1154,0
3675,1806,0,1511,0
3676,1808,9,1107,0
3677,1809,0,1422,0
3678,1809,10,979,0
3679,1810,5,1066,0
3680,1811,4,863,0
3681,1812,9,1534,0
3682,1812,12,950,0
3683,1813,10,1496,0
3684,1813,4,1525,0
3685,1813,8,1159,0
3686,1813,8,914,0
3687,1813,11,856,0
3688,1813,4,1016,0
3689,1813,9,1378,0
3690,1813,12,983,0
3691,1813,10,1286,0
3692,1814,3,1292,0
3693,1814,12,1072,0
3694,1815,2,874,0
3695,1815,8,1241,0
3696,1817,4,1396,0
3697,1817,8,1394,0
3698,1818,6,1076,0
3699,1820,2,847,0
3700,1820,12,1258,0
3701,1820,3,1334,0
3702,1821,5,1175,0
3703,1821,7,919,0
3704,1821,4,924,0
3705,1821,13,1542,0
3706,1822,0,823,0
3707,1822,11,825,0
3708,1822,6,1038,0
3709,1822,1,805,0
3710,1823,12,1088,0
3711,1823,0,1340,0
3712,1823,13,829,0
3713,1823,7,1285,0
3714,1824,6,925,0
3715,1824,1,1477,0
3716,1824,0,909,0
3717,1825,5,1155,0
3718,1825,2,1446,0
3719,1826,8,1178,0
3720,1827,3,1202,0
3721,1828,5,1179,0
3722,1828,2,1416,0
3723,1828,2,897,0
3724,1829,4,1441,0
3725,1829,10,1396,0
3726,1829,0,1383,0
3727,1829,11,1048,0
3728,1830,4,1504,0
3729,1830,3,1551,0
3730,1830,8,949,0
3731,1830,8,1185,0
3732,1831,12,1333,0
3733,1831,9,1099,0
3734,1831,12,1525,0
3735,1833,3,991,0
3736,1833,3,944,0
3737,1833,12,1420,0
3738,1834,5,1019,0
3739,1834,3,1438,0
3740,1836,13,1437,0
3741,1836,9,1185,0
3742,1837,0,1209,0
3743,1837,13,1232,0
3744,1837,12,860,0
3745,1837,9,1541,0
3746,1838,10,0,1
3747,1839,8,1171,0
3748,1839,11,1586,0
3749,1839,12,896,0
3750,1840,4,1387,0
3751,1842,4,1063,0
3752,1842,0,869,0
3753,1842,1,1234,0
3754,1842,3,817,0
3755,1842,12,1146,0
3756,1842,2,1466,0
3757,1842,7,848,0
3758,1842,9,828,0
3759,1842,4,1315,0
3760,1843,3,1488,0
3761,1843,9,1312,0
3762,1843,5,1281,0
3763,1843,4,1418,0
3764,1844,3,1515,0
3765,1844,9,1592,0
3766,1844,0,1319,0
3767,1844,7,802,0
3768,1844,6,1188,0
3769,1845,7,1097,0
3770,1845,0,1137,0
3771,1845,4,1529,0
3772,1847,4,1237,0
3773,1847,10,1061,0
3774,1847,5,1173,0
3775,1847,8,1518,0
3776,1847,6,1413,0
3777,1847,11,1431,0
3778,1847,10,0,1
3779,1848,13,1552,0
3780,1849,3,1467,0
3781,1849,0,1437,0
3782,1852,2,1271,0
3783,1852,6,1104,0
3784,1852,9,833,0
3785,1852,11,1290,0
3786,1852,6,1126,0
3787,1853,4,1006,0
3788,1853,7,1044,0
3789,1853,11,900,0
3790,1854,11,1240,0
3791,1855,4,1426,0
3792,1855,2,911,0
3793,1855,5,1444,0
3794,1856,5,1035,0
3795,1857,3,904,0
3796,1857,10,1295,0
3797,1858,10,1480,0
3798,1858,0,928,0
3799,1858,8,0,1
3800,1858,13,1165,0
3801,1859,9,1428,0
3802,1859,4,1121,0
3803,1859,10,1205,0
3804,1860,9,1341,0
3805,1860,3,933,0
3806,1863,13,849,0
3807,1864,13,886,0
3808,1865,2,0,1
3809,1866,3,1553,0
3810,1866,11,928,0
3811,1866,10,1588,0
3812,1867,0,1178,0
3813,1868,6,1559,0
3814,1868,7,893,0
3815,1868,2,1317,0
3816,1870,7,1452,0
3817,1870,5,1410,0
3818,1870,3,1380,0
3819,1870,6,878,0
3820,1871,12,1493,0
3821,1871,13,1109,0
3822,1872,12,1004,0
3823,1872,4,1244,0
3824,1872,12,1167,0
3825,1873,7,1553,0
3826,1874,2,818,0
3827,1875,2,1283,0
3828,1876,5,1565,0
3829,1877,8,1418,0
3830,1877,3,1004,0
3831,1877,12,1247,0
3832,1878,13,0,1
3833,1878,2,1178,0
3834,1879,12,0,1
3835,1879,2,1444,0
3836,1879,1,881,0
3837,1879,7,1050,0
3838,1880,11,973,0
3839,1880,0,1075,0
3840,1883,6,986,0
3841,1884,11,1312,0
3842,1884,3,1122,0
3843,1885,8,1092,0
3844,1886,8,1098,0
3845,1887,8,1062,0
3846,1887,0,1386,0
3847,1890,10,1283,0
3848,1890,0,1472,0
3849,1890,0,1567,0
3850,1891,9,1031,0
3851,1891,5,919,0
3852,1892,12,1408,0
3853,1892,13,957,0
3854,1893,12,1268,0
3855,1893,5,973,0
3856,1893,0,1264,0
3857,1893,8,835,0
3858,1894,2,1100,0
3859,1894,6,879,0
3860,1894,11,962,0
3861,1894,11,1233,0
3862,1894,10,1185,0
3863,1896,12,1004,0
3864,1896,9,1135,0
3865,1896,13,816,0
3866,1897,10,1104,0
3867,1897,0,1068,0
3868,1897,13,1076,0
3869,1898,5,1170,0
3870,1899,8,880,0
3871,1900,9,1193,0
3872,1902,5,1471,0
3873,1902,9,1303,0
3874,1902,12,1423,0
3875,1902,8,1457,0
3876,1902,4,1191,0
3877,1902,7,1303,0
3878,1905,4,1409,0
3879,1905,9,1410,0
3880,1905,4,1152,0
3881,1905,8,1018,0
3882,1905,11,1049,0
3883,1905,6,1194,0
3884,1906,12,1003,0
3885,1906,5,1581,0
3886,1906,8,846,0
3887,1906,5,0,1
3888,1907,4,0,1
3889,1907,8,1498,0
3890,1908,7,1589,0
3891,1908,12,1340,0
3892,1908,5,996,0
3893,1908,13,1229,0
3894,1909,4,1376,0
3895,1910,11,0,1
3896,1913,9,1580,0
3897,1913,9,1219,0
3898,1913,7,1243,0
3899,1914,13,1483,0
3900,1914,12,1425,0
3901,1914,3,1541,0
3902,1915,11,989,0
3903,1915,1,857,0
3904,1915,0,1317,0
3905,1916,9,1323,0
3906,1917,1,1529,0
3907,1917,0,841,0
3908,1917,0,1476,0
3909,1919,2,1081,0
3910,1919,11,1198,0
3911,1920,7,1599,0
3912,1921,7,1407,0
3913,1923,12,1024,0
3914,1923,11,821,0
3915,1923,8,1317,0
3916,1923,12,1388,0
3917,1924,8,1478,0
3918,1924,12,1472,0
3919,1924,11,1328,0
3920,1925,5,1440,0
3921,1925,8,1268,0
3922,1926,11,1385,0
3923,1929,7,1548,0
3924,1930,3,1363,0
3925,1930,9,840,0
3926,1930,0,875,0
3927,1930,5,1413,0
3928,1930,13,1586,0
3929,1931,8,1068,0
3930,1931,4,1337,0
3931,1932,6,1313,0
3932,1932,4,1262,0
3933,1932,7,1481,0
3934,1933,1,1088,0
3935,1933,1,1267,0
3936,1934,2,1315,0
3937,1934,12,1113,0
3938,1934,9,1152,0
3939,1934,6,1532,0
3940,1934,3,1227,0
3941,1934,1,1264,0
3942,1935,4,1018,0
3943,1935,3,1016,0
3944,1935,4,828,0
3945,1937,2,1416,0
3946,1937,0,1145,0
3947,1937,9,847,0
3948,1937,10,947,0
3949,1938,9,1169,0
3950,1938,0,1337,0
3951,1938,2,930,0
3952,1940,0,1033,0
3953,1941,8,1385,0
3954,1941,9,990,0
3955,1941,8,1574,0
3956,1942,11,1465,0
3957,1942,10,989,0
3958,1942,9,1052,0
3959,1942,2,993,0
3960,1943,12,1460,0
3961,1944,13,1001,0
3962,1944,12,943,0
3963,1944,5,1215,0
3964,1944,11,1494,0
3965,1945,8,1098,0
3966,1945,6,960,0
3967,1945,4,1108,0
3968,1945,6,0,1
3969,1946,11,801,0
3970,1947,6,852,0
3971,1947,8,1229,0
3972,1947,7,1302,0
3973,1948,2,1425,0
3974,1949,6,1034,0
3975,1949,13,1133,0
3976,1950,3,1145,0
3977,1950,2,951,0
3978,1950,0,1598,0
3979,1950,12,971,0
3980,1952,2,898,0
3981,1953,8,0,1
3982,1953,11,1567,0
3983,1953,11,0,1
3984,1953,2,1335,0
3985,1953,7,1221,0
3986,1954,2,1097,0
3987,1954,0,1403,0
3988,1954,6,0,1
3989,1954,9,943,0
3990,1954,5,833,0
3991,1954,13,1597,0
3992,1954,9,1567,0
3993,1954,8,1508,0
3994,1955,2,1180,0
3995,1956,5,834,0
3996,1956,5,1029,0
3997,1956,4,1153,0
3998,1957,7,801,0
3999,1957,3,1428,0
4000,1959,9,801,0
4001,1959,10,809,0
4002,1959,3,1497,0
4003,1960,9,1228,0
4004,1960,5,1150,0
4005,1961,11,893,0
4006,1961,0,1343,0
4007,1961,9,1509,0
4008,1961,7,1581,0
4009,1962,8,1034,0
4010,1963,13,1475,0
4011,1963,13,1162,0
4012,1963,2,1187,0
4013,1963,2,1468,0
4014,1965,1,1093,0
4015,1966,12,811,0
4016,1966,13,1398,0
4017,1967,8,0,1
4018,1969,8,1324,0
4019,1970,3,909,0
4020,1970,11,1542,0
4021,1970,5,1123,0
4022,1970,4,1013,0
4023,1970,12,1336,0
4024,1971,6,1433,0
4025,1971,9,1076,0
4026,1974,9,1431,0
4027,1975,10,1547,0
4028,1975,5,1575,0
4029,1977,12,1057,0
4030,1978,8,1202,0
4031,1978,12,1412,0
4032,1981,2,1441,0
4033,1981,3,946,0
4034,1981,4,1432,0
4035,1981,12,1437,0
4036,1982,13,1360,0
4037,1982,11,1492,0
4038,1982,11,1530,0
4039,1983,13,1477,0
4040,1984,4,1489,0
4041,1984,5,1458,0
4042,1984,8,1308,0
4043,1984,0,1090,0
4044,1985,12,992,0
4045,1985,3,1382,0
4046,1985,1,1151,0
4047,1985,3,843,0
4048,1985,12,1009,0
4049,1986,10,1000,0
4050,1986,13,0,1
4051,1988,3,1477,0
4052,1988,4,938,0
4053,1988,5,1284,0
4054,1988,5,1288,0
4055,1988,8,1107,0
4056,1990,12,1181,0
4057,1992,11,906,0
4058,1993,3,933,0
4059,1993,3,1468,0
4060,1993,6,1346,0
4061,1993,0,1166,0
4062,1994,7,1124,0
4063,1995,13,0,1
4064,1998,0,1085,0
4065,1999,1,1271,0
4066,1999,12,1293,0
4067,1999,10,1574,0
4068,1999,5,1461,0
4069,2000,2,1352,0
4070,2001,1,1361,0
4071,2001,6,1573,0
4072,2001,1,1509,0
4073,2003,8,1163,0
4074,2004,4,1091,0
4075,2006,13,1490,0
4076,2007,6,1333,0
4077,2007,3,1334,0
4078,2007,11,1059,0
4079,2008,8,0,1
4080,2008,8,1123,0
4081,2008,1,1443,0
4082,2008,7,1084,0
4083,2008,4,1414,0
4084,2010,11,815,0
4085,2010,6,1431,0
4086,2013,0,1486,0
4087,2013,10,1324,0
4088,2014,10,912,0
4089,2014,5,1261,0
4090,2017,6,1272,0
4091,2017,2,1349,0
4092,2017,0,0,1
4093,2017,3,1567,0
4094,2017,1,939,0
4095,2017,4,1353,0
4096,2017,11,1216,0
4097,2018,12,0,1
4098,2018,11,1132,0
4099,2019,8,937,0
4100,2019,0,854,0
4101,2019,7,934,0
4102,2020,5,961,0
4103,2020,9,1407,0
4104,2020,8,833,0
4105,2020,4,1366,0
4106,2020,8,836,0
4107,2020,8,808,0
4108,2020,5,1406,0
4109,2021,9,0,1
4110,2021,1,1256,0
4111,2021,3,952,0
4112,2022,9,1277,0
4113,2024,11,1311,0
4114,2024,5,1527,0
4115,2025,12,938,0
4116,2025,6,1116,0
4117,2026,7,1394,0
4118,2027,5,1005,0
4119,2027,10,1309,0
4120,2028,8,1542,0
4121,2029,0,855,0
4122,2029,13,861,0
4123,2030,12,1344,0
4124,2030,10,1427,0
4125,2030,13,1311,0
4126,2031,6,1283,0
4127,2031,8,1290,0
4128,2033,12,943,0
4129,2033,7,1430,0
4130,2035,2,1443,0
4131,2036,10,1486,0
4132,2036,6,1234,0
4133,2036,11,1162,0
4134,2036,6,1380,0
4135,2036,2,1020,0
4136,2036,12,978,0
4137,2036,1,1007,0
4138,2036,9,889,0
4139,2036,1,1373,0
4140,2036,1,1001,0
4141,2036,8,1361,0
4142,2036,8,954,0
4143,2037,13,1064,0
4144,2038,0,1560,0
4145,2038,13,1536,0
4146,2038,2,1008,0
4147,2039,2,1034,0
4148,2040,4,1521,0
4149,2040,6,1281,0
4150,2041,7,1473,0
4151,2042,8,983,0
4152,2042,7,0,1
4153,2042,13,1463,0
4154,2043,3,1330,0
4155,2043,6,970,0
4156,2045,11,1104,0
4157,2045,7,1557,0
4158,2046,6,1525,0
4159,2047,11,1299,0
4160,2049,2,967,0
4161,2049,6,1534,0
4162,2051,7,1452,0
4163,2051,5,916,0
4164,2051,7,1506,0
4165,2051,4,841,0
4166,2051,5,1242,0
4167,2052,12,1154,0
4168,2053,8,1441,0
4169,2054,8,1186,0
4170,2054,1,1292,0
4171,2055,4,1254,0
4172,2058,6,1204,0
4173,2058,13,1241,0
4174,2058,4,1073,0
4175,2058,8,947,0
4176,2059,8,1143,0
4177,2059,10,0,1
4178,2059,8,863,0
4179,2059,8,1344,0
4180,2059,11,1370,0
4181,2059,13,920,0
4182,2059,5,893,0
4183,2059,12,958,0
4184,2060,12,1139,0
4185,2060,10,1343,0
4186,2060,3,916,0
4187,2060,3,950,0
4188,2061,8,1150,0
4189,2061,8,966,0
4190,2061,6,1569,0
4191,2063,9,1349,0
4192,2063,8,1154,0
4193,2063,2,1044,0
4194,2064,0,908,0
4195,2065,8,0,1
4196,2065,12,1055,0
4197,2065,0,859,0
4198,2067,10,1409,0
4199,2067,3,846,0
4200,2067,10,1225,0
4201,2067,13,899,0
4202,2070,6,1267,0
4203,2070,11,909,0
4204,2070,8,1140,0
4205,2070,10,814,0
4206,2071,8,1128,0
4207,2071,9,1251,0
4208,2071,0,935,0
4209,2071,12,1088,0
4210,2073,13,1330,0
4211,2073,13,1453,0
4212,2074,5,1539,0
4213,2074,7,1296,0
4214,2074,0,824,0
4215,2074,11,1056,0
4216,2075,11,1140,0
4217,2075,11,1435,0
4218,2075,5,0,1
4219,2076,11,872,0
4220,2077,11,1141,0
4221,2077,5,1266,0
4222,2078,0,1426,0
4223,2078,0,1423,0
4224,2079,5,1391,0
4225,2080,1,1438,0
4226,2080,7,1206,0
4227,2080,2,1339,0
4228,2081,0,822,0
4229,2082,8,1590,0
4230,2084,9,1341,0
4231,2084,13,0,1
4232,2084,4,1002,0
4233,2084,3,0,1
4234,2085,2,1411,0
4235,2085,8,949,0
4236,2085,9,1159,0
4237,2085,5,1587,0
4238,2085,3,1065,0
4239,2087,13,1492,0
4240,2089,4,1490,0
4241,2089,10,1220,0
4242,2089,8,1345,0
4243,2090,13,1041,0
4244,2091,2,1386,0
4245,2092,11,1462,0
4246,2092,13,934,0
4247,2095,5,1307,0
4248,2096,5,943,0
4249,2097,6,0,1
4250,2098,7,1244,0
4251,2099,4,1520,0
4252,2100,8,875,0
4253,2100,11,1164,0
4254,2101,11,1291,0
4255,2101,12,1412,0
4256,2101,0,1078,0
4257,2101,9,1358,0
4258,2102,6,1303,0
4259,2102,2,1501,0
4260,2102,10,1248,0
4261,2104,3,941,0
4262,2104,4,931,0
4263,2104,8,1479,0
4264,2104,13,1293,0
4265,2104,5,1408,0
4266,2105,11,1215,0
4267,2105,7,1019,0
4268,2105,4,985,0
4269,2105,3,1511,0
4270,2105,5,958,0
4271,2105,2,1304,0
4272,2107,3,982,0
4273,2107,12,1041,0
4274,2107,10,1348,0
4275,2109,11,1327,0
4276,2110,7,1240,0
4277,2110,2,1223,0
4278,2110,7,816,0
4279,2110,0,1390,0
4280,2110,9,1255,0
4281,2111,4,1263,0
4282,2112,3,1533,0
4283,2112,6,956,0
4284,2114,12,1480,0
4285,2114,0,1385,0
4286,2115,1,933,0
4287,2115,5,977,0
4288,2116,6,1057,0
4289,2116,3,1153,0
4290,2117,3,1199,0
4291,2117,3,0,1
4292,2117,12,1159,0
4293,2117,11,869,0
4294,2117,10,1553,0
4295,2117,6,1376,0
4296,2118,1,1017,0
4297,2119,11,1007,0
4298,2120,0,1365,0
4299,2120,5,1585,0
4300,2120,6,1266,0
4301,2122,8,1177,0
4302,2122,2,1012,0
4303,2122,10,903,0
4304,2122,3,1584,0
4305,2122,9,951,0
4306,2124,13,1070,0
4307,2124,10,943,0
4308,2125,8,894,0
4309,2125,13,1378,0
4310,2125,10,1362,0
4311,2125,8,1064,0
4312,2125,13,1107,0
4313,2125,13,814,0
4314,2126,10,1275,0
4315,2127,9,805,0
4316,2127,13,1515,0
4317,2127,0,1363,0
4318,2129,2,1051,0
4319,2129,7,816,0
4320,2129,8,1001,0
4321,2129,12,968,0
4322,2131,5,1322,0
4323,2131,13,910,0
4324,2131,12,1213,0
4325,2132,5,1337,0
4326,2132,12,1476,0
4327,2132,3,1064,0
4328,2133,13,1122,0
4329,2134,12,1463,0
4330,2135,1,967,0
4331,2136,8,1456,0
4332,2136,6,1434,0
4333,2138,1,1103,0
4334,2138,0,1272,0
4335,2138,4,1331,0
4336,2139,3,1516,0
4337,2139,11,1591,0
4338,2139,12,1295,0
4339,2139,2,1037,0
4340,2141,4,1409,0
4341,2141,0,1303,0
4342,2141,8,1060,0
4343,2141,9,1523,0
4344,2143,6,1432,0
4345,2145,6,1288,0
4346,2145,4,1575,0
4347,2145,12,0,1
4348,2145,12,1157,0
4349,2145,1,1212,0
4350,2146,4,1204,0
4351,2146,8,942,0
4352,2147,2,897,0
4353,2147,6,1538,0
4354,2147,1,1298,0
4355,2147,5,1388,0
4356,2148,3,947,0
4357,2148,13,1158,0
4358,2148,9,1587,0
4359,2149,13,971,0
4360,2149,1,804,0
4361,2150,7,1081,0
4362,2150,1,815,0
4363,2150,4,1322,0
4364,2151,13,896,0
4365,2151,10,1004,0
4366,2151,0,842,0
4367,2151,11,933,0
4368,2152,8,1427,0
4369,2152,4,1546,0
4370,2152,3,1339,0
4371,2152,0,1033,0
4372,2153,9,1310,0
4373,2154,1,1569,0
4374,2154,3,944,0
4375,2154,1,0,1
4376,2156,3,1515,0
4377,2156,7,1305,0
4378,2156,2,1406,0
4379,2159,9,1566,0
4380,2160,5,908,0
4381,2160,3,1218,0
4382,2160,9,1027,0
4383,2161,7,1136,0
4384,2161,11,947,0
4385,2161,1,1491,0
4386,2161,12,1575,0
4387,2163,4,1590,0
4388,2163,5,879,0
4389,2164,0,1471,0
4390,2164,7,924,0
4391,2164,12,1316,0
4392,2164,8,1537,0
4393,2164,9,1149,0
4394,2165,9,1058,0
4395,2166,3,1336,0
4396,2166,6,1531,0
4397,2166,10,974,0
4398,2166,9,1214,0
4399,2167,8,1064,0
4400,2167,1,918,0
4401,2168,8,1532,0
4402,2168,10,1237,0
4403,2169,3,886,0
4404,2169,4,897,0
4405,2171,4,0,1
4406,2171,4,1272,0
4407,2172,13,1477,0
4408,2173,3,1369,0
4409,2174,1,1424,0
4410,2174,12,1048,0
4411,2174,5,1593,0
4412,2174,5,1455,0
4413,2174,8,943,0
4414,2174,5,0,1
4415,2174,12,817,0
4416,2174,13,1189,0
4417,2176,4,1309,0
4418,2178,4,1256,0
4419,2179,12,1034,0
4420,2179,5,935,0
4421,2179,7,1592,0
4422,2179,6,1301,0
4423,2179,5,948,0
4424,2180,5,1483,0
4425,2181,7,1494,0
4426,2181,13,1027,0
4427,2182,4,869,0
4428,2182,4,1240,0
4429,2182,13,1357,0
4430,2182,13,1578,0
4431,2182,1,1116,0
4432,2183,10,1287,0
4433,2183,12,829,0
4434,2183,2,1000,0
4435,2183,10,1446,0
4436,2184,1,1445,0
4437,2184,7,1177,0
4438,2185,5,1040,0
4439,2185,10,1271,0
4440,2185,11,1356,0
4441,2186,7,1564,0
4442,2186,2,868,0
4443,2186,3,1095,0
4444,2186,9,950,0
4445,2187,2,1300,0
4446,2187,9,1281,0
4447,2187,9,1365,0
4448,2187,6,947,0
4449,2187,6,913,0
4450,2188,10,0,1
4451,2188,9,1239,0
4452,2188,8,1488,0
4453,2188,6,1130,0
4454,2188,7,1559,0
4455,2188,7,828,0
4456,2188,9,0,1
4457,2188,3,1514,0
4458,2189,12,1300,0
4459,2189,12,821,0
4460,2190,8,1305,0
4461,2190,5,1063,0
4462,2190,3,1353,0
4463,2190,4,804,0
4464,2191,10,1075,0
4465,2192,11,1168,0
4466,2192,3,811,0
4467,2193,5,1560,0
4468,2194,0,1541,0
4469,2194,10,1206,0
4470,2194,13,1370,0
4471,2194,11,0,1
4472,2195,13,1556,0
4473,2195,0,846,0
4474,2195,3,1509,0
4475,2195,13,937,0
4476,2196,9,0,1
4477,2196,2,0,1
4478,2196,8,1199,0
4479,2196,11,1005,0
4480,2197,2,1547,0
4481,2197,4,1338,0
4482,2198,1,1213,0
4483,2199,9,1060,0
4484,2199,13,1401,0
4485,2201,12,823,0
4486,2201,2,0,1
4487,2201,3,1084,0
4488,2201,5,1281,0
4489,2201,10,1400,0
4490,2201,2,0,1
4491,2201,4,1150,0
4492,2201,1,1559,0
4493,2202,7,0,1
4494,2204,7,1125,0
4495,2205,1,949,0
4496,2205,8,1397,0
4497,2207,13,1333,0
4498,2207,5,1327,0
4499,2207,5,925,0
4500,2207,10,1207,0
4501,2207,1,1377,0
4502,2208,11,875,0
4503,2209,6,1405,0
4504,2209,4,1495,0
4505,2211,4,917,0
4506,2213,3,836,0
4507,2214,4,1013,0
4508,2214,10,1074,0
4509,2215,8,1286,0
4510,2215,3,1245,0
4511,2215,3,1049,0
4512,2215,11,1079,0
4513,2217,7,995,0
4514,2220,10,1134,0
4515,2222,12,1026,0
4516,2222,13,1153,0
4517,2222,12,1388,0
4518,2223,0,1361,0
4519,2224,12,1425,0
4520,2224,7,1185,0
4521,2224,9,1308,0
4522,2224,10,808,0
4523,2224,11,1198,0
4524,2225,1,1043,0
4525,2226,12,958,0
4526,2226,5,1256,0
4527,2226,3,1208,0
4528,2226,13,1386,0
4529,2228,6,0,1
4530,2230,10,1031,0
4531,2231,4,1051,0
4532,2231,13,1422,0
4533,2231,1,972,0
4534,2231,2,1021,0
4535,2232,13,1457,0
4536,2233,1,1305,0
4537,2233,1,1458,0
4538,2233,1,960,0
4539,2234,1,1175,0
4540,2234,1,1361,0
4541,2234,1,1576,0
4542,2234,9,1388,0
4543,2234,5,1234,0
4544,2234,5,0,1
4545,2234,0,1025,0
4546,2235,6,1457,0
4547,2235,2,879,0
4548,2235,7,1562,0
4549,2237,5,1552,0
4550,2237,3,1536,0
4551,2238,3,929,0
4552,2238,3,1244,0
4553,2239,9,1528,0
4554,2239,11,1552,0
4555,2239,10,1221,0
4556,2239,8,900,0
4557,2241,1,1146,0
4558,2241,4,1041,0
4559,2242,8,1005,0
4560,2242,0,1413,0
4561,2242,0,1246,0
4562,2243,9,938,0
4563,2243,11,1274,0
4564,2243,3,1397,0
4565,2243,13,1452,0
4566,2244,11,1460,0
4567,2244,8,980,0
4568,2244,1,819,0
4569,2244,8,1039,0
4570,2244,3,1303,0
4571,2245,11,1420,0
4572,2245,1,1558,0
4573,2248,0,0,1
4574,2248,9,1456,0
4575,2250,3,1492,0
4576,2251,5,823,0
4577,2252,10,1520,0
4578,2252,9,1320,0
4579,2252,6,1285,0
4580,2254,3,1369,0
4581,2255,11,0,1
4582,2256,0,1205,0
4583,2256,5,1281,0
4584,2256,3,1548,0
4585,2256,6,920,0
4586,2257,4,1562,0
4587,2259,5,0,1
4588,2259,13,966,0
4589,2259,5,1414,0
4590,2260,5,1192,0
4591,2261,10,925,0
4592,2261,2,913,0
4593,2262,1,917,0
4594,2262,6,877,0
4595,2262,9,1158,0
4596,2262,1,1385,0
4597,2266,12,919,0
4598,2266,12,819,0
4599,2267,9,1034,0
4600,2267,3,1008,0
4601,2268,2,1410,0
4602,2268,6,1413,0
4603,2268,5,1397,0
4604,2268,13,1442,0
4605,2269,13,0,1
4606,2270,3,1578,0
4607,2270,5,1468,0
4608,2270,4,932,0
4609,2270,3,1438,0
4610,2271,13,1430,0
4611,2271,6,1116,0
4612,2271,4,1190,0
4613,2272,13,1494,0
4614,2272,8,1030,0
4615,2273,3,0,1
4616,2273,8,1055,0
4617,2273,9,884,0
4618,2274,11,953,0
4619,2274,11,1117,0
4620,2275,1,1212,0
4621,2275,7,857,0
4622,2275,12,1147,0
4623,2275,0,1091,0
4624,2275,5,1052,0
4625,2276,3,897,0
4626,2276,6,980,0
4627,2277,9,1001,0
4628,2277,9,1397,0
4629,2277,4,1427,0
4630,2277,13,1418,0
4631,2278,8,1024,0
4632,2278,5,985,0
4633,2280,13,1100,0
4634,2282,9,1227,0
4635,2283,0,1581,0
4636,2283,2,1542,0
4637,2283,8,1477,0
4638,2284,0,1242,0
4639,2284,11,1003,0
4640,2285,3,1412,0
4641,2285,4,1576,0
4642,2285,7,881,0
4643,2285,3,1516,0
4644,2285,2,1264,0
4645,2286,12,829,0
4646,2286,8,1105,0
4647,2286,6,1140,0
4648,2287,6,944,0
4649,2287,12,1180,0
4650,2288,3,1327,0
4651,2288,9,1069,0
4652,2290,2,1359,0
4653,2290,9,1481,0
4654,2291,7,948,0
4655,2291,11,804,0
4656,2292,11,1204,0
4657,2292,8,1396,0
4658,2294,1,1286,0
4659,2295,4,1477,0
4660,2295,6,1199,0
4661,2295,12,1600,0
4662,2296,6,894,0
4663,2297,12,1387,0
4664,2297,13,1370,0
4665,2297,7,1285,0
4666,2298,7,847,0
4667,2298,13,804,0
4668,2298,4,845,0
4669,2298,0,847,0
4670,2299,13,1290,0
4671,2300,13,1193,0
4672,2300,1,819,0
4673,2300,4,1567,0
4674,2300,7,1505,0
4675,2300,5,1447,0
4676,2300,12,1527,0
4677,2301,9,1199,0
4678,2301,2,1288,0
4679,2301,6,1115,0
4680,2301,4,1525,0
4681,2301,8,1177,0
4682,2302,1,1111,0
4683,2302,1,0,1
4684,2303,1,1332,0
4685,2303,8,1529,0
4686,2303,4,973,0
4687,2303,3,1403,0
4688,2303,13,1114,0
4689,2304,12,891,0
4690,2304,0,1358,0
4691,2304,11,802,0
4692,2305,0,1303,0
4693,2305,5,1475,0
4694,2305,11,887,0
4695,2305,2,1576,0
4696,2305,10,1274,0
4697,2306,6,1343,0
4698,2306,8,1089,0
4699,2307,9,968,0
4700,2307,11,1217,0
4701,2307,13,1118,0
4702,2308,4,1331,0
4703,2309,1,1038,0
4704,2310,8,984,0
4705,2310,13,1143,0
4706,2310,2,1437,0
4707,2310,11,1125,0
4708,2311,1,1041,0
4709,2312,0,1411,0
4710,2313,8,911,0
4711,2314,10,1469,0
4712,2314,1,997,0
4713,2315,6,951,0
4714,2317,6,1536,0
4715,2318,2,1155,0
4716,2318,0,837,0
4717,2319,0,868,0
4718,2321,0,1355,0
4719,2321,1,1140,0
4720,2321,6,1056,0
4721,2321,5,1411,0
4722,2321,8,1576,0
4723,2321,12,1200,0
4724,2321,4,901,0
4725,2322,4,938,0
4726,2322,12,1458,0
4727,2323,1,1442,0
4728,2323,8,1557,0
4729,2324,7,1128,0
4730,2326,12,1113,0
4731,2326,4,933,0
4732,2326,13,830,0
4733,2326,5,1251,0
4734,2326,3,1278,0
4735,2326,9,828,0
4736,2327,9,956,0
4737,2329,1,1180,0
4738,2332,1,843,0
4739,2336,1,0,1
4740,2338,13,884,0
4741,2338,5,832,0
4742,2338,3,0,1
4743,2338,12,1449,0
4744,2338,6,1032,0
4745,2338,2,1563,0
4746,2338,3,1526,0
4747,2338,0,981,0
4748,2340,12,800,0
4749,2340,9,1069,0
4750,2340,2,1182,0
4751,2341,9,1469,0
4752,2341,3,1164,0
4753,2342,4,1150,0
4754,2342,8,1576,0
4755,2342,3,938,0
4756,2343,9,1257,0
4757,2343,2,1154,0
4758,2343,4,0,1
4759,2343,6,1504,0
4760,2343,12,844,0
4761,2343,11,1507,0
4762,2343,4,1429,0
4763,2344,9,1279,0
4764,2345,13,1221,0
4765,2346,8,0,1
4766,2346,13,1368,0
4767,2347,6,1142,0
4768,2347,8,0,1
4769,2347,11,894,0
4770,2348,2,1427,0
4771,2349,10,847,0
4772,2350,1,829,0
4773,2350,5,1239,0
4774,2351,12,1114,0
4775,2352,4,1451,0
4776,2352,10,1486,0
4777,2353,7,855,0
4778,2353,12,0,1
4779,2353,8,1320,0
4780,2353,11,1211,0
4781,2353,13,1522,0
4782,2353,1,970,0
4783,2353,9,895,0
4784,2353,9,1462,0
4785,2353,9,1362,0
4786,2354,1,981,0
4787,2354,13,1043,0
4788,2354,7,1498,0
4789,2356,6,1571,0
4790,2356,5,1054,0
4791,2356,5,980,0
4792,2356,8,1033,0
4793,2356,6,959,0
4794,2356,2,1263,0
4795,2356,8,1429,0
4796,2357,5,903,0
4797,2358,4,1024,0
4798,2359,12,1035,0
4799,2359,6,1386,0
4800,2360,0,1414,0
4801,2360,12,832,0
4802,2360,11,1496,0
4803,2360,11,1536,0
4804,2360,0,1300,0
4805,2360,11,866,0
4806,2360,9,879,0
4807,2360,13,1023,0
4808,2360,4,910,0
4809,2362,7,1038,0
4810,2364,3,1296,0
4811,2364,2,1371,0
4812,2364,8,1221,0
4813,2365,0,1313,0
4814,2365,11,850,0
4815,2365,7,903,0
4816,2366,9,1566,0
4817,2366,9,1333,0
4818,2367,11,877,0
4819,2367,0,1223,0
4820,2367,5,1211,0
4821,2367,3,891,0
4822,2367,11,1071,0
4823,2368,10,0,1
4824,2371,4,989,0
4825,2371,3,1232,0
4826,2371,11,1197,0
4827,2371,5,1450,0
4828,2371,4,1150,0
4829,2374,0,1245,0
4830,2374,8,1441,0
4831,2375,4,0,1
4832,2375,5,1105,0
4833,2376,11,1109,0
4834,2379,11,0,1
4835,2382,1,1390,0
4836,2382,3,1426,0
4837,2384,8,1486,0
4838,2384,11,1509,0
4839,2384,0,1329,0
4840,2385,11,847,0
4841,2385,13,1015,0
4842,2386,5,1031,0
4843,2387,4,992,0
4844,2387,5,947,0
4845,2387,0,1012,0
4846,2387,13,1116,0
4847,2388,1,1518,0
4848,2388,4,1079,0
4849,2390,5,1296,0
4850,2390,10,1226,0
4851,2390,4,1293,0
4852,2394,4,1072,0
4853,2395,8,1035,0
4854,2395,5,1009,0
4855,2395,8,1500,0
4856,2395,2,858,0
4857,2397,5,1082,0
4858,2397,13,1481,0
4859,2397,13,1549,0
4860,2398,5,1439,0
4861,2398,5,1420,0
4862,2399,8,1155,0
4863,2399,5,985,0
4864,2399,10,0,1
4865,2400,5,1138,0
4866,2401,1,1501,0
4867,2401,0,1589,0
4868,2401,6,1287,0
4869,2401,0,1117,0
4870,2402,1,986,0
4871,2402,11,1581,0
4872,2404,2,1266,0
4873,2404,3,1179,0
4874,2405,8,969,0
4875,2406,6,869,0
4876,2406,13,1549,0
4877,2406,10,1139,0
4878,2406,9,1167,0
4879,2406,9,1424,0
4880,2406,8,967,0
4881,2406,10,1142,0
4882,2406,6,0,1
4883,2406,3,889,0
4884,2407,5,1183,0
4885,2407,6,1311,0
4886,2407,9,1349,0
4887,2409,1,804,0
4888,2409,0,1190,0
4889,2409,9,879,0
4890,2409,13,1393,0
4891,2409,4,1473,0
4892,2410,0,1596,0
4893,2411,13,998,0
4894,2411,8,1597,0
4895,2412,11,1268,0
4896,2413,2,871,0
4897,2413,11,1200,0
4898,2414,11,1085,0
4899,2414,13,907,0
4900,2415,13,1457,0
4901,2416,8,1553,0
4902,2416,2,1317,0
4903,2418,8,890,0
4904,2418,8,939,0
4905,2418,6,840,0
4906,2418,2,1537,0
4907,2418,12,0,1
4908,2418,11,1361,0
4909,2418,11,1262,0
4910,2419,1,1026,0
4911,2420,9,1584,0
4912,2423,4,1203,0
4913,2424,9,957,0
4914,2424,0,825,0
4915,2424,11,1151,0
4916,2424,5,865,0
4917,2424,1,1537,0
4918,2424,7,1011,0
4919,2425,13,1110,0
4920,2425,2,1284,0
4921,2425,10,1440,0
4922,2426,13,0,1
4923,2426,13,849,0
4924,2426,5,1340,0
4925,2426,5,1394,0
4926,2426,8,1569,0
4927,2427,9,1542,0
4928,2427,3,819,0
4929,2428,8,1023,0
4930,2428,0,1150,0
4931,2428,3,1117,0
4932,2428,10,907,0
4933,2428,12,1453,0
4934,2429,2,1140,0
4935,2429,1,944,0
4936,2429,9,1019,0
4937,2431,3,1235,0
4938,2431,7,1157,0
4939,2432,3,1394,0
4940,2433,9,1331,0
4941,2433,1,1424,0
4942,2434,0,1342,0
4943,2434,4,0,1
4944,2435,10,1473,0
4945,2435,9,1077,0
4946,2435,4,1594,0
4947,2435,12,1015,0
4948,2435,1,1502,0
4949,2436,4,1512,0
4950,2440,10,804,0
4951,2440,8,1250,0
4952,2440,0,857,0
4953,2440,8,1546,0
4954,2440,7,1219,0
4955,2440,5,1264,0
4956,2440,11,925,0
4957,2441,8,1038,0
4958,2441,11,1214,0
4959,2441,8,861,0
4960,2441,0,0,1
4961,2442,3,1212,0
4962,2443,2,1111,0
4963,2444,9,1272,0
4964,2444,7,1437,0
4965,2444,10,1136,0
4966,2444,8,803,0
4967,2444,11,864,0
4968,2444,2,1037,0
4969,2444,0,1506,0
4970,2444,6,1131,0
4971,2444,0,1084,0
4972,2445,11,945,0
4973,2445,13,1580,0
4974,2445,13,968,0
4975,2445,3,1449,0
4976,2445,2,965,0
4977,2445,11,800,0
4978,2445,13,1381,0
4979,2445,1,1494,0
4980,2446,4,1494,0
4981,2446,10,1090,0
4982,2447,5,877,0
4983,2448,7,1338,0
4984,2448,3,1459,0
4985,2448,3,1187,0
4986,2448,10,1325,0
4987,2452,6,1367,0
4988,2452,9,1434,0
4989,2452,13,1556,0
4990,2453,8,1135,0
4991,2453,0,1099,0
4992,2457,3,1100,0
4993,2458,13,967,0
4994,2460,4,1044,0
4995,2460,2,1126,0
4996,2460,10,1009,0
4997,2461,9,1197,0
4998,2461,3,1361,0
4999,2462,11,905,0
5000,2462,1,863,0
5001,2464,8,1380,0
5002,2464,10,1369,0
5003,2466,4,918,0
5004,2466,5,1577,0
5005,2466,2,0,1
5006,2466,2,1412,0
5007,2467,5,823,0
5008,2467,0,802,0
5009,2468,11,1149,0
5010,2469,13,1373,0
5011,2469,0,1547,0
5012,2469,7,1511,0
5013,2469,7,1402,0
5014,2471,2,1220,0
5015,2471,3,0,1
5016,2471,10,1397,0
5017,2471,5,952,0
5018,2471,2,806,0
5019,2472,3,1413,0
5020,2472,0,992,0
5021,2473,9,980,0
5022,2474,8,1277,0
5023,2474,0,943,0
5024,2475,7,1291,0
5025,2475,5,998,0
5026,2475,5,841,0
5027,2475,13,1520,0
5028,2475,2,1340,0
5029,2475,8,1064,0
5030,2475,7,1361,0
5031,2475,0,1088,0
5032,2475,1,1509,0
5033,2475,2,1181,0
5034,2475,8,1063,0
5035,2475,2,1428,0
5036,2476,7,964,0
5037,2476,6,1189,0
5038,2476,13,1385,0
5039,2476,7,1436,0
5040,2478,2,931,0
5041,2478,6,909,0
5042,2479,12,1577,0
5043,2480,0,801,0
5044,2482,8,1527,0
5045,2482,2,1376,0
5046,2484,10,1007,0
5047,2485,12,817,0
5048,2485,8,882,0
5049,2485,12,1089,0
5050,2485,13,817,0
5051,2485,8,1062,0
5052,2485,2,1490,0
5053,2485,10,1490,0
5054,2485,5,1104,0
5055,2485,9,1169,0
5056,2485,10,916,0
5057,2485,11,1045,0
5058,2485,5,882,0
5059,2485,5,1096,0
5060,2485,5,1451,0
5061,2486,13,1039,0
5062,2487,6,0,1
5063,2487,5,1235,0
5064,2488,2,1117,0
5065,2488,8,987,0
5066,2488,12,1203,0
5067,2489,12,1387,0
5068,2492,13,1421,0
5069,2492,5,1127,0
5070,2492,0,1284,0
5071,2492,13,1518,0
5072,2494,1,1064,0
5073,2494,1,1494,0
5074,2494,4,1108,0
5075,2495,6,1043,0
5076,2495,13,1040,0
5077,2495,1,1110,0
5078,2495,13,1066,0
5079,2497,9,1224,0
5080,2497,1,1343,0
5081,2497,4,1575,0
5082,2498,0,1369,0
5083,2498,9,870,0
5084,2498,1,1369,0
5085,2498,13,1088,0
5086,2500,3,1068,0
5087,2500,11,1584,0
5088,2500,6,1047,0
5089,2500,3,1101,0
5090,2501,1,1595,0
5091,2501,4,1516,0
5092,2501,6,840,0
5093,2502,13,1357,0
5094,2502,3,1203,0
5095,2503,9,873,0
5096,2503,10,1035,0
5097,2503,9,858,0
5098,2504,6,805,0
5099,2504,5,1556,0
5100,2504,12,1539,0
5101,2504,11,1003,0
5102,2505,10,1093,0
5103,2506,10,966,0
5104,2506,9,874,0
5105,2506,1,914,0
5106,2507,2,1305,0
5107,2507,6,1324,0
5108,2510,11,1600,0
5109,2510,7,801,0
5110,2511,10,1106,0
5111,2511,3,1373,0
5112,2511,8,1115,0
5113,2511,9,1341,0
5114,2512,13,1435,0
5115,2512,9,1340,0
5116,2513,13,1476,0
5117,2514,9,994,0
5118,2514,1,1456,0
5119,2514,9,1385,0
5120,2515,11,880,0
5121,2515,8,1515,0
5122,2517,6,1303,0
5123,2517,2,820,0
5124,2517,3,833,0
5125,2518,0,984,0
5126,2520,9,1164,0
5127,2521,8,1093,0
5128,2521,1,1048,0
5129,2521,10,1029,0
5130,2521,5,1272,0
5131,2522,8,988,0
5132,2522,9,1202,0
5133,2522,8,1451,0
5134,2522,7,1248,0
5135,2523,5,1013,0
5136,2525,10,1378,0
5137,2525,6,0,1
5138,2525,6,1479,0
5139,2525,12,1563,0
5140,2526,6,1446,0
5141,2530,10,1036,0
5142,2530,8,1045,0
5143,2530,6,1428,0
5144,2531,10,881,0
5145,2532,4,1119,0
5146,2532,6,1374,0
5147,2533,4,0,1
5148,2533,11,810,0
5149,2533,6,984,0
5150,2533,0,0,1
5151,2533,3,0,1
5152,2534,4,963,0
5153,2534,9,1453,0
5154,2536,9,1553,0
5155,2537,12,1526,0
5156,2537,13,1575,0
5157,2537,0,1325,0
5158,2538,3,1445,0
5159,2538,10,891,0
5160,2538,9,984,0
5161,2538,6,1574,0
5162,2538,0,1120,0
5163,2538,8,1377,0
5164,2538,12,1464,0
5165,2538,3,879,0
5166,2538,5,833,0
5167,2538,5,1089,0
5168,2538,1,1548,0
5169,2539,6,836,0
5170,2539,10,1415,0
5171,2539,12,1241,0
5172,2539,7,843,0
5173,2541,3,1404,0
5174,2545,8,1031,0
5175,2546,6,978,0
5176,2546,0,1554,0
5177,2546,3,1191,0
5178,2546,3,1217,0
5179,2546,2,996,0
5180,2546,3,1054,0
5181,2549,2,1135,0
5182,2550,0,1527,0
5183,2551,10,978,0
5184,2552,7,1336,0
5185,2553,3,1129,0
5186,2554,6,1155,0
5187,2554,10,1055,0
5188,2554,10,1070,0
5189,2555,6,1483,0
5190,2555,8,1021,0
5191,2555,6,1395,0
5192,2557,7,1565,0
5193,2558,2,1249,0
5194,2559,1,931,0
5195,2560,3,1363,0
5196,2562,6,1359,0
5197,2562,9,1032,0
5198,2562,10,1172,0
5199,2563,9,1534,0
5200,2563,7,1299,0
5201,2564,10,1150,0
5202,2564,11,1391,0
5203,2564,0,1056,0
5204,2564,12,1015,0
5205,2565,4,1543,0
5206,2566,8,1325,0
5207,2567,4,1047,0
5208,2567,8,1015,0
5209,2567,3,1272,0
5210,2567,5,1098,0
5211,2567,2,981,0
5212,2567,3,1425,0
5213,2567,5,1069,0
5214,2567,8,1068,0
5215,2567,8,1107,0
5216,2569,12,1086,0
5217,2569,1,900,0
5218,2569,4,907,0
5219,2569,0,830,0
5220,2569,12,1441,0
5221,2569,7,814,0
5222,2572,6,1022,0
5223,2574,0,1591,0
5224,2575,12,1577,0
5225,2576,2,954,0
5226,2576,8,1324,0
5227,2577,8,987,0
5228,2577,7,1587,0
5229,2577,12,1153,0
5230,2577,13,1177,0
5231,2577,12,1117,0
5232,2577,7,1218,0
5233,2577,10,1327,0
5234,2577,2,916,0
5235,2577,10,1393,0
5236,2577,1,829,0
5237,2578,0,1078,0
5238,2579,9,1189,0
5239,2579,9,1355,0
5240,2579,5,816,0
5241,2579,0,1430,0
5242,2581,2,1457,0
5243,2583,3,1002,0
5244,2583,6,1530,0
5245,2583,4,1401,0
5246,2583,9,800,0
5247,2583,9,1154,0
5248,2584,3,1134,0
5249,2584,13,1298,0
5250,2584,12,1293,0
5251,2584,5,1004,0
5252,2584,8,869,0
5253,2586,6,985,0
5254,2586,7,1591,0
5255,2587,10,859,0
5256,2588,7,1339,0
5257,2588,1,1541,0
5258,2590,8,1141,0
5259,2591,9,1058,0
5260,2591,4,1111,0
5261,2591,8,1006,0
5262,2592,7,1196,0
5263,2592,10,1103,0
5264,2592,13,1444,0
5265,2593,3,1263,0
5266,2593,2,865,0
5267,2594,8,1483,0
5268,2594,8,1459,0
5269,2595,6,858,0
5270,2596,13,1214,0
5271,2596,5,915,0
5272,2596,0,1039,0
5273,2597,8,1326,0
5274,2599,5,931,0
5275,2599,6,1391,0
5276,2600,5,1243,0
5277,2601,8,1064,0
5278,2601,3,1407,0
5279,2601,1,1011,0
5280,2601,10,1050,0
5281,2602,2,1367,0
5282,2603,10,1510,0
5283,2603,3,1593,0
5284,2603,11,1566,0
5285,2604,4,1554,0
5286,2604,12,1538,0
5287,2604,13,1230,0
5288,2606,12,1562,0
5289,2606,2,1266,0
5290,2607,1,846,0
5291,2607,8,0,1
5292,2608,8,974,0
5293,2609,3,1466,0
5294,2609,11,1352,0
5295,2609,4,1496,0
5296,2609,5,1250,0
5297,2609,3,1429,0
5298,2609,12,1021,0
5299,2609,2,1506,0
5300,2609,4,828,0
5301,2609,4,1546,0
5302,2609,4,1592,0
5303,2610,3,1016,0
5304,2610,8,937,0
5305,2611,13,0,1
5306,2611,1,1127,0
5307,2611,9,1524,0
5308,2611,3,849,0
5309,2614,7,0,1
5310,2614,6,1186,0
5311,2614,4,1106,0
5312,2614,3,997,0
5313,2614,1,1366,0
5314,2614,4,1283,0
5315,2615,5,885,0
5316,2615,13,1541,0
5317,2615,7,884,0
5318,2615,7,1471,0
5319,2615,1,1382,0
5320,2615,11,1307,0
5321,2616,2,893,0
5322,2616,0,1419,0
5323,2618,0,1508,0
5324,2619,11,1075,0
5325,2619,4,1198,0
5326,2620,12,1379,0
5327,2620,5,885,0
5328,2620,10,1028,0
5329,2621,2,1472,0
5330,2621,1,1152,0
5331,2622,12,1185,0
5332,2622,8,1583,0
5333,2623,12,1006,0
5334,2624,8,1343,0
5335,2625,1,808,0
5336,2626,8,867,0
5337,2626,11,938,0
5338,2627,6,990,0
5339,2627,5,882,0
5340,2627,6,969,0
5341,2627,7,864,0
5342,2627,4,1533,0
5343,2627,3,990,0
5344,2627,7,925,0
5345,2627,5,0,1
5346,2627,12,1130,0
5347,2627,9,1271,0
5348,2628,8,1259,0
5349,2628,1,1169,0
5350,2628,12,0,1
5351,2628,5,910,0
5352,2628,4,984,0
5353,2629,6,1052,0
5354,2629,5,1505,0
5355,2631,1,1396,0
5356,2631,0,954,0
5357,2632,7,870,0
5358,2632,1,1393,0
5359,2632,7,915,0
5360,2632,3,0,1
5361,2633,9,960,0
5362,2633,4,1433,0
5363,2633,3,1029,0
5364,2634,7,1194,0
5365,2635,6,915,0
5366,2636,13,946,0
5367,2636,0,943,0
5368,2636,10,1299,0
5369,2636,4,1132,0
5370,2637,2,921,0
5371,2638,5,833,0
5372,2638,12,825,0
5373,2638,6,830,0
5374,2638,13,1007,0
5375,2639,8,1257,0
5376,2639,11,989,0
5377,2641,11,1487,0
5378,2642,3,1311,0
5379,2642,4,887,0
5380,2642,0,975,0
5381,2642,0,1470,0
5382,2642,4,1028,0
5383,2642,13,968,0
5384,2643,0,1296,0
5385,2643,11,1069,0
5386,2645,6,1553,0
5387,2645,1,891,0
5388,2645,12,1089,0
5389,2645,5,1230,0
5390,2645,8,1271,0
5391,2646,11,1313,0
5392,2647,5,1192,0
5393,2647,1,1108,0
5394,2647,10,1485,0
5395,2647,12,1562,0
5396,2648,2,880,0
5397,2648,11,1289,0
5398,2648,5,1072,0
5399,2648,0,1280,0
5400,2648,9,1266,0
5401,2649,10,1333,0
5402,2649,13,1582,0
5403,2649,3,1351,0
5404,2649,11,1515,0
5405,2649,12,1025,0
5406,2650,2,1595,0
5407,2650,9,928,0
5408,2650,2,849,0
5409,2651,1,1549,0
5410,2653,9,1363,0
5411,2654,11,870,0
5412,2654,3,1339,0
5413,2654,8,1247,0
5414,2655,13,999,0
5415,2655,1,1481,0
5416,2655,3,1116,0
5417,2657,12,904,0
5418,2657,8,1383,0
5419,2657,1,1058,0
5420,2658,13,1098,0
5421,2658,8,1567,0
5422,2658,13,1506,0
5423,2658,1,1145,0
5424,2659,2,863,0
5425,2659,12,1448,0
5426,2661,6,1053,0
5427,2662,2,1071,0
5428,2662,3,1087,0
5429,2663,2,1115,0
5430,2665,4,956,0
5431,2668,2,1481,0
5432,2668,2,1362,0
5433,2671,13,1316,0
5434,2672,4,835,0
5435,2672,0,1591,0
5436,2672,10,986,0
5437,2673,5,973,0
5438,2673,10,1385,0
5439,2674,1,1414,0
5440,2674,2,1525,0
5441,2674,10,1568,0
5442,2675,2,1030,0
5443,2676,6,1480,0
5444,2676,0,1158,0
5445,2676,2,1263,0
5446,2676,1,1166,0
5447,2676,10,1303,0
5448,2678,9,1599,0
5449,2679,2,1431,0
5450,2679,2,935,0
5451,2679,1,930,0
5452,2679,6,1218,0
5453,2679,9,939,0
5454,2680,3,973,0
5455,2681,2,1341,0
5456,2681,12,1308,0
5457,2681,5,1536,0
5458,2681,2,1412,0
5459,2683,12,1128,0
5460,2683,3,1519,0
5461,2683,1,1272,0
5462,2683,4,1195,0
5463,2684,2,1150,0
5464,2684,3,1230,0
5465,2685,0,984,0
5466,2685,11,1019,0
5467,2686,4,1150,0
5468,2686,10,1282,0
5469,2687,10,1507,0
5470,2687,10,1348,0
5471,2688,12,1253,0
5472,2690,3,960,0
5473,2690,11,1192,0
5474,2690,10,1582,0
5475,2691,12,803,0
5476,2692,12,1574,0
5477,2692,6,1367,0
5478,2692,4,1076,0
5479,2692,12,896,0
5480,2692,3,1543,0
5481,2692,4,1019,0
5482,2692,1,1549,0
5483,2692,2,895,0
5484,2692,9,987,0
5485,2693,3,1074,0
5486,2694,8,1192,0
5487,2694,9,1446,0
5488,2695,1,1543,0
5489,2695,13,1078,0
5490,2696,11,1400,0
5491,2696,10,1057,0
5492,2697,9,1046,0
5493,2698,9,1396,0
5494,2698,4,1094,0
5495,2701,1,1438,0
5496,2703,11,1106,0
5497,2705,12,1366,0
5498,2706,2,1407,0
5499,2709,8,952,0
5500,2709,13,1208,0
5501,2711,9,873,0
5502,2711,11,836,0
5503,2711,3,983,0
5504,2712,4,1047,0
5505,2713,5,1303,0
5506,2714,11,914,0
5507,2714,4,1442,0
5508,2716,9,1115,0
5509,2716,10,954,0
5510,2718,4,887,0
5511,2718,3,1110,0
5512,2718,3,984,0
5513,2720,9,1518,0
5514,2722,6,810,0
5515,2722,10,0,1
5516,2722,9,1243,0
5517,2722,1,846,0
5518,2723,12,1064,0
5519,2723,5,1082,0
5520,2723,6,1028,0
5521,2723,0,1416,0
5522,2723,10,812,0
5523,2724,13,1178,0
5524,2724,6,979,0
5525,2725,1,1592,0
5526,2725,6,839,0
5527,2725,12,1037,0
5528,2725,1,978,0
5529,2725,1,976,0
5530,2726,9,1307,0
5531,2728,1,1321,0
5532,2729,2,991,0
5533,2729,7,1237,0
5534,2729,7,1487,0
5535,2731,6,1415,0
5536,2731,0,815,0
5537,2731,2,1523,0
5538,2731,0,989,0
5539,2733,8,1074,0
5540,2733,2,1423,0
5541,2733,1,835,0
5542,2733,6,907,0
5543,2734,7,972,0
5544,2734,3,1372,0
5545,2735,6,966,0
5546,2735,8,1057,0
5547,2735,1,856,0
5548,2735,6,836,0
5549,2736,8,1460,0
5550,2737,11,802,0
5551,2738,13,1166,0
5552,2739,1,946,0
5553,2739,9,1314,0
5554,2739,1,1204,0
5555,2739,9,1540,0
5556,2740,13,1450,0
5557,2740,13,1008,0
5558,2740,4,1085,0
5559,2740,1,1593,0
5560,2740,6,1204,0
5561,2740,12,1257,0
5562,2740,8,845,0
5563,2740,2,823,0
5564,2740,0,823,0
5565,2740,9,1450,0
5566,2741,7,1386,0
5567,2742,4,876,0
5568,2742,12,1572,0
5569,2742,11,872,0
5570,2743,13,1436,0
5571,2743,9,1202,0
5572,2743,0,1144,0
5573,2743,0,1144,0
5574,2743,13,1407,0
5575,2743,13,1495,0
5576,2744,5,1483,0
5577,2744,13,955,0
5578,2745,9,1126,0
5579,2745,4,1037,0
5580,2745,8,1578,0
5581,2745,11,1109,0
5582,2745,1,1082,0
5583,2745,11,991,0
5584,2748,4,0,1
5585,2748,13,1536,0
5586,2749,11,890,0
5587,2749,2,1081,0
5588,2749,2,1402,0
5589,2749,2,1572,0
5590,2749,13,1346,0
5591,2749,7,942,0
5592,2749,11,0,1
5593,2750,7,1452,0
5594,2751,10,1064,0
5595,2752,5,942,0
5596,2752,13,1130,0
5597,2752,1,1162,0
5598,2752,9,810,0
5599,2752,1,1211,0
5600,2753,1,1280,0
5601,2753,12,1448,0
5602,2753,6,870,0
5603,2754,4,1565,0
5604,2755,7,987,0
5605,2755,8,865,0
5606,2756,0,804,0
5607,2756,12,1043,0
5608,2757,3,1078,0
5609,2757,4,1544,0
5610,2757,10,1046,0
5611,2760,6,1550,0
5612,2761,3,1133,0
5613,2761,3,1156,0
5614,2762,0,836,0
5615,2762,13,1578,0
5616,2762,4,1220,0
5617,2763,12,950,0
5618,2763,8,819,0
5619,2764,13,1424,0
5620,2764,9,1551,0
5621,2764,6,1324,0
5622,2764,11,1533,0
5623,2764,5,1040,0
5624,2765,10,1223,0
5625,2766,11,0,1
5626,2766,0,936,0
5627,2766,8,1243,0
5628,2766,1,1390,0
5629,2767,10,1220,0
5630,2769,2,1540,0
5631,2770,3,1247,0
5632,2771,11,1116,0
5633,2771,7,1298,0
5634,2773,1,1022,0
5635,2774,1,925,0
5636,2774,3,1337,0
5637,2774,10,1589,0
5638,2774,7,967,0
5639,2774,10,807,0
5640,2774,5,942,0
5641,2776,9,0,1
5642,2776,7,1485,0
5643,2777,0,802,0
5644,2778,11,1393,0
5645,2779,13,1288,0
5646,2779,12,1569,0
5647,2779,2,1204,0
5648,2779,1,1281,0
5649,2780,12,1139,0
5650,2780,8,876,0
5651,2781,1,1008,0
5652,2782,8,1120,0
5653,2782,7,1246,0
5654,2782,9,847,0
5655,2784,10,1176,0
5656,2784,4,1397,0
5657,2786,1,1460,0
5658,2787,2,1239,0
5659,2787,4,0,1
5660,2787,11,901,0
5661,2787,8,1396,0
5662,2788,5,1549,0
5663,2791,11,904,0
5664,2792,2,1370,0
5665,2792,6,807,0
5666,2795,11,1165,0
5667,2796,3,966,0
5668,2797,6,944,0
5669,2798,10,1427,0
5670,2798,3,1441,0
5671,2798,11,1456,0
5672,2800,2,801,0
5673,2800,2,1347,0
5674,2800,8,1347,0
5675,2800,3,1022,0
5676,2801,3,1525,0
5677,2801,5,1160,0
5678,2802,0,1583,0
5679,2802,3,1230,0
5680,2803,0,1110,0
5681,2804,6,1037,0
5682,2804,10,862,0
5683,2804,8,1563,0
5684,2804,8,1487,0
5685,2806,3,885,0
5686,2807,10,886,0
5687,2808,4,1269,0
5688,2809,7,941,0
5689,2812,5,1093,0
5690,2812,5,1208,0
5691,2812,5,0,1
5692,2812,7,1281,0
5693,2813,8,1168,0
5694,2813,1,1012,0
5695,2813,4,903,0
5696,2813,10,1572,0
5697,2813,11,869,0
5698,2814,0,1246,0
5699,2815,2,1595,0
5700,2816,7,1017,0
5701,2817,4,979,0
5702,2818,11,1297,0
5703,2818,12,1382,0
5704,2820,10,1502,0
5705,2820,7,1355,0
5706,2821,0,994,0
5707,2821,6,1009,0
5708,2822,8,1356,0
5709,2823,7,0,1
5710,2823,0,849,0
5711,2823,0,928,0
5712,2823,11,1246,0
5713,2823,8,1363,0
5714,2824,5,1598,0
5715,2825,9,846,0
5716,2826,9,1225,0
5717,2826,4,1498,0
5718,2826,0,1467,0
5719,2827,10,1083,0
5720,2827,5,1389,0
5721,2827,11,985,0
5722,2828,2,1376,0
5723,2828,6,1425,0
5724,2828,3,1188,0
5725,2829,11,1221,0
5726,2830,2,1013,0
5727,2831,12,1497,0
5728,2832,12,956,0
5729,2833,9,1125,0
5730,2833,7,1488,0
5731,2834,3,1136,0
5732,2835,4,1419,0
5733,2836,12,1209,0
5734,2836,11,1328,0
5735,2836,1,1444,0
5736,2836,2,1006,0
5737,2837,6,875,0
5738,2837,6,862,0
5739,2837,2,0,1
5740,2837,6,1516,0
5741,2837,2,1524,0
5742,2838,10,885,0
5743,2838,1,1141,0
5744,2838,6,875,0
5745,2838,4,888,0
5746,2838,10,1009,0
5747,2838,2,1200,0
5748,2839,0,0,1
5749,2839,0,1112,0
5750,2839,7,1403,0
5751,2839,5,0,1
5752,2840,0,1420,0
5753,2841,6,1386,0
5754,2841,6,1410,0
5755,2841,6,1042,0
5756,2842,4,995,0
5757,2842,7,1573,0
5758,2842,7,828,0
5759,2842,5,1181,0
5760,2842,6,1484,0
5761,2842,4,1207,0
5762,2842,5,854,0
5763,2842,4,1479,0
5764,2843,8,1349,0
5765,2844,11,970,0
5766,2845,10,938,0
5767,2845,12,989,0
5768,2846,0,890,0
5769,2846,13,1530,0
5770,2846,2,1183,0
5771,2847,4,982,0
5772,2847,11,1102,0
5773,2848,10,1304,0
5774,2848,8,891,0
5775,2848,3,1200,0
5776,2848,5,1492,0
5777,2849,10,1549,0
5778,2849,2,821,0
5779,2850,12,825,0
5780,2850,6,1427,0
5781,2850,4,1574,0
5782,2850,0,1231,0
5783,2850,8,1517,0
5784,2850,1,0,1
5785,2850,12,1142,0
5786,2851,0,992,0
5787,2851,1,1326,0
5788,2851,0,866,0
5789,2851,13,942,0
5790,2852,7,914,0
5791,2852,0,1556,0
5792,2854,6,956,0
5793,2854,6,1596,0
5794,2854,6,1259,0
5795,2854,5,1445,0
5796,2855,1,931,0
5797,2855,2,1019,0
5798,2855,9,1291,0
5799,2857,4,1459,0
5800,2857,2,1586,0
5801,2857,9,1356,0
5802,2857,7,1112,0
5803,2858,5,998,0
5804,2858,10,863,0
5805,2860,10,1487,0
5806,2860,10,1218,0
5807,2860,13,1002,0
5808,2862,10,1484,0
5809,2862,4,1385,0
5810,2863,2,873,0
5811,2863,5,1453,0
5812,2863,12,876,0
5813,2864,0,1336,0
5814,2864,6,1111,0
5815,2864,9,966,0
5816,2865,11,1466,0
5817,2865,7,1314,0
5818,2866,11,1579,0
5819,2866,7,0,1
5820,2867,4,876,0
5821,2867,13,1010,0
5822,2867,4,1182,0
5823,2869,8,812,0
5824,2869,8,828,0
5825,2870,5,1330,0
5826,2870,3,1562,0
5827,2871,10,1258,0
5828,2872,2,1444,0
5829,2872,4,1365,0
5830,2873,9,805,0
5831,2874,5,1476,0
5832,2874,11,924,0
5833,2876,8,1594,0
5834,2876,2,1019,0
5835,2877,2,897,0
5836,2877,7,856,0
5837,2877,5,1569,0
5838,2877,13,906,0
5839,2878,5,1006,0
5840,2879,5,1327,0
5841,2879,10,1048,0
5842,2879,2,1133,0
5843,2880,7,868,0
5844,2881,5,1103,0
5845,2881,9,976,0
5846,2881,4,1092,0
5847,2881,1,1410,0
5848,2881,11,802,0
5849,2881,3,1119,0
5850,2881,12,1438,0
5851,2882,3,1500,0
5852,2882,3,1136,0
5853,2882,7,1022,0
5854,2882,10,1116,0
5855,2884,11,1154,0
5856,2885,13,1133,0
5857,2885,0,1031,0
5858,2885,0,1542,0
5859,2885,3,1491,0
5860,2885,9,949,0
5861,2887,5,1201,0
5862,2887,10,814,0
5863,2889,11,879,0
5864,2889,4,827,0
5865,2889,5,1344,0
5866,2890,1,1320,0
5867,2891,5,1024,0
5868,2892,5,1296,0
5869,2893,7,1235,0
5870,2893,12,1170,0
5871,2893,12,909,0
5872,2893,5,0,1
5873,2894,2,901,0
5874,2895,0,1263,0
5875,2895,8,1140,0
5876,2895,1,1326,0
5877,2896,12,1455,0
5878,2898,8,1306,0
5879,2898,1,993,0
5880,2898,3,1151,0
5881,2898,4,909,0
5882,2899,13,1522,0
5883,2900,12,1215,0
5884,2900,6,0,1
5885,2901,5,1301,0
5886,2901,9,1592,0
5887,2903,11,877,0
5888,2904,9,980,0
5889,2904,11,1431,0
5890,2904,7,822,0
5891,2904,9,1423,0
5892,2905,10,0,1
5893,2905,9,1034,0
5894,2906,5,1370,0
5895,2906,1,1479,0
5896,2906,9,1005,0
5897,2907,12,1235,0
5898,2907,0,1280,0
5899,2908,12,985,0
5900,2908,0,1152,0
5901,2909,4,826,0
5902,2909,4,0,1
5903,2909,8,1563,0
5904,2910,6,1120,0
5905,2910,1,997,0
5906,2910,5,1243,0
5907,2910,4,1261,0
5908,2911,2,1546,0
5909,2911,4,1504,0
5910,2911,11,900,0
5911,2912,7,1263,0
5912,2913,10,1097,0
5913,2914,9,1043,0
5914,2914,12,1472,0
5915,2914,9,1255,0
5916,2914,1,971,0
5917,2914,0,1380,0
5918,2916,10,1423,0
5919,2916,13,924,0
5920,2918,4,0,1
5921,2918,6,916,0
5922,2918,10,960,0
5923,2919,1,1272,0
5924,2919,0,925,0
5925,2919,12,1029,0
5926,2919,10,942,0
5927,2919,1,1162,0
5928,2919,10,1535,0
5929,2920,1,1147,0
5930,2920,13,1367,0
5931,2920,3,1007,0
5932,2921,0,1052,0
5933,2921,2,1028,0
5934,2921,10,1071,0
5935,2921,6,1531,0
5936,2921,2,1137,0
5937,2921,5,862,0
5938,2924,4,1552,0
5939,2925,0,1281,0
5940,2925,9,1396,0
5941,2925,11,1318,0
5942,2927,3,1238,0
5943,2928,12,1032,0
5944,2928,3,1568,0
5945,2928,6,1291,0
5946,2928,5,1018,0
5947,2929,12,1250,0
5948,2929,12,1114,0
5949,2929,2,1128,0
5950,2929,7,1595,0
5951,2929,8,1292,0
5952,2930,1,1342,0
5953,2930,7,0,1
5954,2930,12,1210,0
5955,2930,0,1584,0
5956,2931,10,1281,0
5957,2931,12,1392,0
5958,2931,13,1501,0
5959,2932,2,1235,0
5960,2932,13,1401,0
5961,2932,3,816,0
5962,2932,9,1264,0
5963,2932,7,856,0
5964,2932,8,1015,0
5965,2932,1,1449,0
5966,2932,6,1393,0
5967,2932,13,1490,0
5968,2933,0,1495,0
5969,2935,1,1305,0
5970,2935,13,0,1
5971,2935,3,831,0
5972,2935,9,1564,0
5973,2936,4,1157,0
5974,2936,8,815,0
5975,2936,12,1106,0
5976,2936,3,1091,0
5977,2936,10,1171,0
5978,2936,9,1531,0
5979,2937,13,881,0
5980,2937,7,870,0
5981,2937,9,1148,0
5982,2937,4,1021,0
5983,2939,9,1016,0
5984,2940,1,1485,0
5985,2940,5,883,0
5986,2941,12,1229,0
5987,2941,5,1371,0
5988,2942,10,907,0
5989,2942,7,1583,0
5990,2942,9,1418,0
5991,2942,12,1542,0
5992,2944,3,1274,0
5993,2947,4,1560,0
5994,2949,13,1390,0
5995,2950,12,966,0
5996,2950,13,1289,0
5997,2952,4,1038,0
5998,2952,2,906,0
5999,2953,3,832,0
6000,2953,0,1531,0
6001,2953,13,1310,0
6002,2955,10,0,1
6003,2955,8,850,0
6004,2956,4,1568,0
6005,2956,2,1511,0
6006,2956,1,1435,0
6007,2957,10,955,0
6008,2957,7,1329,0
6009,2958,0,817,0
6010,2958,8,884,0
6011,2958,12,1324,0
6012,2959,8,1125,0
6013,2959,4,1218,0
6014,2959,8,1341,0
6015,2960,12,1203,0
6016,2960,1,808,0
6017,2960,1,0,1
6018,2960,5,1203,0
6019,2961,3,1533,0
6020,2962,6,1036,0
6021,2963,4,874,0
6022,2964,9,874,0
6023,2964,4,1049,0
6024,2966,10,1080,0
6025,2966,8,1180,0
6026,2967,9,1217,0
6027,2967,8,1569,0
6028,2967,2,1240,0
6029,2968,1,1125,0
6030,2968,10,1135,0
6031,2968,13,1518,0
6032,2970,5,1287,0
6033,2970,7,1129,0
6034,2971,12,962,0
6035,2971,6,1146,0
6036,2971,6,1334,0
6037,2971,2,1005,0
6038,2972,7,821,0
6039,2973,13,1187,0
6040,2973,8,1418,0
6041,2973,13,1089,0
6042,2973,4,837,0
6043,2973,6,0,1
6044,2973,9,1084,0
6045,2974,7,1277,0
6046,2975,6,1390,0
6047,2976,5,1304,0
6048,2976,0,1161,0
6049,2977,12,1277,0
6050,2977,11,1178,0
6051,2977,2,1344,0
6052,2977,1,808,0
6053,2978,0,805,0
6054,2980,2,0,1
6055,2980,8,1452,0
6056,2980,13,967,0
6057,2980,4,1539,0
6058,2980,2,1289,0
6059,2980,0,882,0
6060,2980,2,1108,0
6061,2980,12,888,0
6062,2980,7,1209,0
6063,2980,7,1351,0
6064,2980,11,1132,0
6065,2981,5,1021,0
6066,2981,4,1532,0
6067,2982,0,1031,0
6068,2982,1,1379,0
6069,2982,1,1144,0
6070,2983,7,1141,0
6071,2983,5,950,0
6072,2983,5,858,0
6073,2983,7,1154,0
6074,2984,9,951,0
6075,2985,4,1584,0
6076,2986,3,862,0
6077,2987,1,888,0
6078,2988,6,1237,0
6079,2989,11,1082,0
6080,2991,10,915,0
6081,2993,1,992,0
6082,2994,1,1088,0
6083,2994,10,1234,0
6084,2995,10,893,0
6085,2995,5,1563,0
6086,2995,6,945,0
6087,2996,12,881,0
6088,2996,1,0,1
6089,2996,4,1330,0
6090,2996,4,1372,0
6091,2996,7,1281,0
6092,2999,7,0,1
6093,2999,10,1010,0
6094,2999,13,827,0
6095,2999,2,949,0
6096,3001,10,1375,0
6097,3001,10,1378,0
6098,3001,3,1210,0
6099,3001,13,899,0
6100,3001,4,1300,0
6101,3001,4,1183,0
6102,3001,0,1446,0
6103,3002,1,857,0
6104,3006,7,1189,0
6105,3006,2,872,0
6106,3006,12,1266,0
6107,3006,6,1223,0
6108,3006,3,1106,0
6109,3006,12,989,0
6110,3007,3,1106,0
6111,3007,2,1150,0
6112,3007,0,1516,0
6113,3007,0,1149,0
6114,3008,3,1421,0
6115,3008,6,1197,0
6116,3008,4,1073,0
6117,3008,12,1599,0
6118,3008,13,1593,0
6119,3008,0,1179,0
6120,3009,9,1076,0
6121,3010,9,1437,0
6122,3011,0,1586,0
6123,3012,4,1209,0
6124,3013,8,958,0
6125,3016,9,1209,0
6126,3017,12,1119,0
6127,3017,11,1070,0
6128,3017,2,1435,0
6129,3019,10,1400,0
6130,3019,3,1492,0
6131,3019,12,1353,0
6132,3019,1,802,0
6133,3019,1,810,0
6134,3019,1,1348,0
6135,3019,3,1278,0
6136,3019,12,819,0
6137,3020,9,968,0
6138,3021,2,933,0
6139,3024,1,1484,0
6140,3024,13,1359,0
6141,3025,2,1197,0
6142,3025,3,801,0
6143,3025,7,1071,0
6144,3025,2,1469,0
6145,3026,9,1182,0
6146,3027,8,1013,0
6147,3027,1,1525,0
6148,3027,3,1119,0
6149,3028,1,1299,0
6150,3028,11,935,0
6151,3028,4,1098,0
6152,3028,5,1273,0
6153,3028,9,1178,0
6154,3031,11,817,0
6155,3031,11,1302,0
6156,3031,8,1519,0
6157,3031,9,1600,0
6158,3032,0,994,0
6159,3032,0,1121,0
6160,3032,13,1358,0
6161,3032,6,1368,0
6162,3033,13,841,0
6163,3033,11,1069,0
6164,3034,7,854,0
6165,3034,4,846,0
6166,3035,12,997,0
6167,3035,9,0,1
6168,3035,9,1556,0
6169,3037,9,1507,0
6170,3037,8,1552,0
6171,3038,8,1400,0
6172,3038,13,1162,0
6173,3038,1,1413,0
6174,3039,9,1485,0
6175,3039,3,1338,0
6176,3040,4,945,0
6177,3041,9,1131,0
6178,3041,2,1269,0
6179,3042,11,1382,0
6180,3042,11,1246,0
6181,3043,3,1536,0
6182,3044,5,1016,0
6183,3044,5,800,0
6184,3045,8,1245,0
6185,3046,13,1281,0
6186,3046,6,1565,0
6187,3046,4,1011,0
6188,3046,10,1213,0
6189,3046,0,1095,0
6190,3046,9,1276,0
6191,3046,9,1534,0
6192,3046,1,1303,0
6193,3047,0,1278,0
6194,3048,8,1186,0
6195,3048,9,1127,0
6196,3048,13,1074,0
6197,3048,4,1429,0
6198,3048,4,800,0
6199,3048,0,982,0
6200,3049,3,1227,0
6201,3049,5,1008,0
6202,3049,11,1341,0
6203,3050,1,1185,0
6204,3050,2,1224,0
6205,3050,3,1085,0
6206,3053,1,1546,0
6207,3054,4,1352,0
6208,3054,3,1014,0
6209,3054,0,854,0
6210,3055,6,1192,0
6211,3055,2,1540,0
6212,3056,1,913,0
6213,3056,7,1176,0
6214,3058,6,1444,0
6215,3058,10,1145,0
6216,3058,12,1555,0
6217,3058,11,1353,0
6218,3058,3,1536,0
6219,3058,5,1517,0
6220,3058,11,0,1
6221,3059,10,1480,0
6222,3060,2,1275,0
6223,3060,5,1263,0
6224,3060,11,1446,0
6225,3060,8,0,1
6226,3061,6,969,0
6227,3064,5,1065,0
6228,3065,3,1151,0
6229,3065,11,1229,0
6230,3065,0,1065,0
6231,3065,3,1550,0
6232,3065,9,897,0
6233,3065,7,1236,0
6234,3066,6,858,0
6235,3066,7,1112,0
6236,3066,9,1508,0
6237,3066,4,1309,0
6238,3067,11,1134,0
6239,3067,3,1036,0
6240,3067,7,0,1
6241,3067,2,929,0
6242,3068,9,1561,0
6243,3068,4,1446,0
6244,3070,10,1549,0
6245,3070,5,815,0
6246,3070,3,853,0
6247,3071,1,1183,0
6248,3072,7,0,1
6249,3072,3,903,0
6250,3072,7,1213,0
6251,3072,9,926,0
6252,3075,10,1219,0
6253,3075,7,1221,0
6254,3075,13,1597,0
6255,3075,11,926,0
6256,3075,6,1122,0
6257,3075,0,0,1
6258,3075,4,1305,0
6259,3076,8,1258,0
6260,3077,7,1017,0
6261,3077,8,1324,0
6262,3077,1,1331,0
6263,3077,10,1565,0
6264,3077,3,1350,0
6265,3079,1,892,0
6266,3079,5,842,0
6267,3081,2,1412,0
6268,3081,3,962,0
6269,3083,12,1596,0
6270,3083,9,1211,0
6271,3083,2,1514,0
6272,3085,9,1534,0
6273,3085,11,985,0
6274,3085,13,1279,0
6275,3085,3,1175,0
6276,3085,12,1486,0
6277,3087,1,1492,0
6278,3087,5,1262,0
6279,3087,8,1284,0
6280,3087,12,1035,0
6281,3087,9,848,0
6282,3087,4,1009,0
6283,3090,8,1072,0
6284,3090,9,1326,0
6285,3090,12,917,0
6286,3091,3,997,0
6287,3092,2,1440,0
6288,3092,5,968,0
6289,3093,13,1485,0
6290,3093,11,1147,0
6291,3093,13,829,0
6292,3093,1,1228,0
6293,3094,7,1182,0
6294,3094,3,1217,0
6295,3095,7,1242,0
6296,3095,8,1415,0
6297,3096,12,1477,0
6298,3096,13,842,0
6299,3096,10,1193,0
6300,3096,9,838,0
6301,3098,7,1471,0
6302,3098,13,1575,0
6303,3099,8,1569,0
6304,3099,10,1579,0
6305,3099,7,1124,0
6306,3099,1,1493,0
6307,3102,3,1343,0
6308,3102,2,1519,0
6309,3102,7,1397,0
6310,3104,13,1353,0
6311,3104,10,1179,0
6312,3105,13,1283,0
6313,3105,10,1113,0
6314,3105,13,1509,0
6315,3107,10,1209,0
6316,3107,1,1249,0
6317,3107,0,983,0
6318,3107,9,1159,0
6319,3107,13,853,0
6320,3108,0,930,0
6321,3109,0,1273,0
6322,3109,9,1067,0
6323,3109,8,1250,0
6324,3110,5,1239,0
6325,3110,8,1139,0
6326,3110,12,1222,0
6327,3110,9,1417,0
6328,3110,12,1308,0
6329,3110,2,1351,0
6330,3111,6,1566,0
6331,3111,2,1468,0
6332,3112,8,1297,0
6333,3115,3,1266,0
6334,3115,13,1021,0
6335,3117,4,1043,0
6336,3119,2,813,0
6337,3120,10,1365,0
6338,3120,13,1423,0
6339,3120,2,1238,0
6340,3123,10,834,0
6341,3123,13,0,1
6342,3123,3,1410,0
6343,3123,3,1522,0
6344,3124,10,1019,0
6345,3125,8,1162,0
6346,3125,4,1315,0
6347,3126,11,949,0
6348,3127,6,817,0
6349,3127,6,1437,0
6350,3127,1,1338,0
6351,3127,12,1581,0
6352,3128,12,0,1
6353,3130,11,1437,0
6354,3131,2,1001,0
6355,3131,3,863,0
6356,3132,11,1132,0
6357,3132,11,1271,0
6358,3132,6,1010,0
6359,3132,10,913,0
6360,3134,1,1393,0
6361,3136,7,1342,0
6362,3136,4,1017,0
6363,3139,13,889,0
6364,3140,8,1393,0
6365,3140,9,1014,0
6366,3140,13,1497,0
6367,3140,13,1533,0
6368,3140,9,904,0
6369,3140,1,1362,0
6370,3140,8,966,0
6371,3141,10,826,0
6372,3142,6,933,0
6373,3143,8,0,1
6374,3143,1,1332,0
6375,3145,3,1319,0
6376,3145,7,1324,0
6377,3145,4,1227,0
6378,3146,13,1189,0
6379,3147,9,941,0
6380,3149,2,1035,0
6381,3150,2,976,0
6382,3150,4,1212,0
6383,3153,8,877,0
6384,3154,4,0,1
6385,3154,12,1196,0
6386,3154,7,1344,0
6387,3157,2,1196,0
6388,3157,3,829,0
6389,3157,2,1546,0
6390,3157,10,941,0
6391,3160,11,1318,0
6392,3160,2,1369,0
6393,3160,0,1400,0
6394,3160,11,1101,0
6395,3160,8,1593,0
6396,3160,12,1516,0
6397,3160,1,1551,0
6398,3160,13,843,0
6399,3160,11,1373,0
6400,3161,8,1418,0
6401,3161,0,1286,0
6402,3161,0,1020,0
6403,3161,6,1062,0
6404,3161,2,1532,0
6405,3162,8,1024,0
6406,3163,7,1067,0
6407,3163,5,1212,0
6408,3163,4,0,1
6409,3163,12,1541,0
6410,3163,2,968,0
6411,3164,4,1082,0
6412,3165,2,1563,0
6413,3166,1,861,0
6414,3166,10,1157,0
6415,3166,2,1363,0
6416,3167,1,881,0
6417,3170,4,1153,0
6418,3171,12,1256,0
6419,3171,8,1207,0
6420,3171,6,1006,0
6421,3172,4,835,0
6422,3173,4,1199,0
6423,3173,11,1592,0
6424,3173,6,1372,0
6425,3173,1,874,0
6426,3175,11,934,0
6427,3175,13,1045,0
6428,3179,3,1588,0
6429,3179,12,1571,0
6430,3181,10,1593,0
6431,3182,2,1413,0
6432,3182,5,0,1
6433,3182,8,830,0
6434,3183,11,1142,0
6435,3185,13,1415,0
6436,3185,2,1527,0
6437,3185,7,1410,0
6438,3186,13,1556,0
6439,3187,1,1251,0
6440,3187,7,0,1
6441,3187,13,1249,0
6442,3189,11,1174,0
6443,3190,2,1020,0
6444,3192,0,891,0
6445,3192,5,803,0
6446,3192,5,1050,0
6447,3193,8,855,0
6448,3194,0,1500,0
6449,3196,13,917,0
6450,3196,8,1060,0
6451,3196,0,1204,0
6452,3197,2,0,1
6453,3197,9,1302,0
6454,3197,3,1508,0
6455,3197,4,928,0
6456,3197,5,838,0
6457,3198,3,1418,0
6458,3198,5,1028,0
6459,3198,7,1365,0
6460,3199,0,1443,0
6461,3199,13,1525,0
6462,3199,6,1458,0
6463,3199,7,1321,0
6464,3199,10,1122,0
6465,3200,6,0,1
6466,3200,5,1328,0
6467,3200,1,1591,0
6468,3200,10,1189,0
6469,3201,4,1536,0
6470,3203,8,1403,0
6471,3203,9,1063,0
6472,3203,0,865,0
6473,3204,12,1309,0
6474,3205,4,1026,0
6475,3205,4,1519,0
6476,3205,12,800,0
6477,3205,6,1561,0
6478,3207,11,1375,0
6479,3207,9,822,0
6480,3207,3,1548,0
6481,3207,13,838,0
6482,3207,0,973,0
6483,3207,4,1009,0
6484,3207,7,1201,0
6485,3207,11,953,0
6486,3207,8,1013,0
6487,3207,2,808,0
6488,3209,2,1343,0
6489,3209,8,1591,0
6490,3209,5,1301,0
6491,3209,12,1557,0
6492,3209,6,1378,0
6493,3209,9,952,0
6494,3210,1,1317,0
6495,3211,2,903,0
6496,3211,8,1154,0
6497,3211,3,808,0
6498,3211,5,1135,0
6499,3211,13,1442,0
6500,3211,5,1408,0
6501,3212,1,1242,0
6502,3212,13,1358,0
6503,3212,8,1564,0
6504,3212,4,1595,0
6505,3213,0,1120,0
6506,3213,8,1013,0
6507,3215,11,1045,0
6508,3216,3,1143,0
6509,3216,8,1019,0
6510,3216,5,879,0
6511,3216,10,1459,0
6512,3216,10,1220,0
6513,3216,4,1569,0
6514,3216,9,1485,0
6515,3216,9,1571,0
6516,3216,6,1356,0
6517,3217,12,1484,0
6518,3219,0,1019,0
6519,3221,11,1295,0
6520,3221,13,1402,0
6521,3222,4,1308,0
6522,3223,13,838,0
6523,3224,2,992,0
6524,3224,9,816,0
6525,3224,13,1364,0
6526,3224,8,904,0
6527,3224,11,1437,0
6528,3224,3,1385,0
6529,3224,5,1174,0
6530,3224,2,1091,0
6531,3224,13,1492,0
6532,3225,4,1130,0
6533,3226,3,0,1
6534,3226,4,1016,0
6535,3226,4,1421,0
6536,3226,4,826,0
6537,3227,5,1443,0
6538,3228,5,1367,0
6539,3228,11,809,0
6540,3228,13,961,0
6541,3228,5,1587,0
6542,3229,13,1401,0
6543,3229,1,1146,0
6544,3229,9,876,0
6545,3230,7,1228,0
6546,3231,2,1122,0
6547,3231,5,1114,0
6548,3231,6,1399,0
6549,3231,2,1262,0
6550,3231,11,1312,0
6551,3231,12,1085,0
6552,3231,6,1569,0
6553,3231,12,1561,0
6554,3234,2,946,0
6555,3234,4,1103,0
6556,3234,9,1351,0
6557,3235,4,834,0
6558,3235,0,1159,0
6559,3235,9,1223,0
6560,3235,2,1252,0
6561,3235,8,965,0
6562,3237,9,1375,0
6563,3238,10,1567,0
6564,3238,13,1318,0
6565,3238,10,931,0
6566,3239,6,1483,0
6567,3240,1,0,1
6568,3240,2,1267,0
6569,3240,11,1423,0
6570,3243,12,1094,0
6571,3243,8,1596,0
6572,3243,2,970,0
6573,3243,1,1251,0
6574,3243,4,1151,0
6575,3243,5,1431,0
6576,3243,13,1408,0
6577,3243,11,1123,0
6578,3243,4,1106,0
6579,3244,8,1268,0
6580,3244,8,1094,0
6581,3245,2,1198,0
6582,3245,0,1267,0
6583,3246,5,812,0
6584,3246,7,1059,0
6585,3246,6,1196,0
6586,3246,7,1004,0
6587,3246,1,1511,0
6588,3246,8,1380,0
6589,3246,5,1522,0
6590,3246,9,808,0
6591,3246,2,1452,0
6592,3246,12,1389,0
6593,3246,11,1424,0
6594,3247,0,875,0
6595,3247,3,1584,0
6596,3247,10,1253,0
6597,3248,6,1080,0
6598,3249,6,1427,0
6599,3249,9,1252,0
6600,3250,3,1180,0
6601,3251,8,1201,0
6602,3251,3,0,1
6603,3251,7,1024,0
6604,3251,6,859,0
6605,3251,7,1357,0
6606,3251,4,854,0
6607,3251,4,813,0
6608,3251,0,1524,0
6609,3253,7,878,0
6610,3253,7,812,0
6611,3253,4,856,0
6612,3253,2,1119,0
6613,3254,10,1400,0
6614,3254,6,855,0
6615,3254,6,1527,0
6616,3255,13,983,0
6617,3255,2,1285,0
6618,3256,10,1024,0
6619,3256,4,1317,0
6620,3256,1,1004,0
6621,3256,8,1349,0
6622,3257,11,1428,0
6623,3258,5,1029,0
6624,3258,6,1323,0
6625,3259,1,864,0
6626,3260,7,807,0
6627,3262,7,908,0
6628,3264,3,838,0
6629,3264,4,960,0
6630,3264,4,1429,0
6631,3264,4,1138,0
6632,3264,5,943,0
6633,3267,13,1148,0
6634,3267,12,1559,0
6635,3268,12,1317,0
6636,3268,3,923,0
6637,3269,0,1206,0
6638,3270,6,1424,0
6639,3272,0,899,0
6640,3272,12,1169,0
6641,3272,1,1456,0
6642,3273,13,1251,0
6643,3274,6,1355,0
6644,3274,13,986,0
6645,3274,8,0,1
6646,3275,5,972,0
6647,3275,3,1242,0
6648,3275,1,927,0
6649,3275,9,1465,0
6650,3275,5,1159,0
6651,3275,5,1536,0
6652,3276,6,1432,0
6653,3278,10,1164,0
6654,3278,5,1025,0
6655,3278,1,811,0
6656,3279,7,1534,0
6657,3281,8,1299,0
6658,3281,12,1569,0
6659,3283,9,832,0
6660,3283,9,1343,0
6661,3283,5,1420,0
6662,3283,4,1110,0
6663,3287,7,1525,0
6664,3288,11,987,0
6665,3288,7,1000,0
6666,3289,9,1296,0
6667,3289,5,1072,0
6668,3290,5,1196,0
6669,3291,9,1041,0
6670,3291,9,960,0
6671,3291,6,0,1
6672,3291,0,1414,0
6673,3291,12,0,1
6674,3291,10,1402,0
6675,3292,6,1530,0
6676,3292,4,967,0
6677,3292,9,1252,0
6678,3292,3,970,0
6679,3293,6,906,0
6680,3293,1,1124,0
6681,3293,10,1460,0
6682,3294,13,1305,0
6683,3296,2,1069,0
6684,3296,0,1324,0
6685,3296,13,1093,0
6686,3296,7,947,0
6687,3296,11,1318,0
6688,3297,13,1439,0
6689,3297,3,1481,0
6690,3297,0,865,0
6691,3298,2,1544,0
6692,3298,10,1372,0
6693,3300,5,1407,0
6694,3301,11,1084,0
6695,3302,9,1511,0
6696,3303,6,1018,0
6697,3303,9,1451,0
6698,3305,13,1495,0
6699,3305,13,1019,0
6700,3306,1,1030,0
6701,3306,1,1540,0
6702,3308,10,1507,0
6703,3308,10,1422,0
6704,3310,8,1246,0
6705,3310,5,1567,0
6706,3310,11,1573,0
6707,3311,13,1558,0
6708,3312,6,1136,0
6709,3312,5,1385,0
6710,3313,13,942,0
6711,3314,13,1265,0
6712,3314,5,878,0
6713,3314,5,1222,0
6714,3314,11,1261,0
6715,3315,0,1371,0
6716,3315,1,1040,0
6717,3315,11,1506,0
6718,3315,13,1508,0
6719,3315,1,1079,0
6720,3318,1,1491,0
6721,3318,5,808,0
6722,3318,4,1003,0
6723,3318,12,976,0
6724,3319,10,1529,0
6725,3319,6,1447,0
6726,3319,1,1096,0
6727,3319,4,1310,0
6728,3319,11,1473,0
6729,3319,13,1139,0
6730,3320,8,1412,0
6731,3321,6,1005,0
6732,3321,4,1517,0
6733,3321,1,825,0
6734,3323,11,1534,0
6735,3323,3,932,0
6736,3324,10,1058,0
6737,3324,10,1446,0
6738,3324,13,1052,0
6739,3324,12,1451,0
6740,3324,3,1327,0
6741,3324,7,909,0
6742,3325,2,1491,0
6743,3325,10,1557,0
6744,3325,6,1450,0
6745,3325,11,1378,0
6746,3325,11,1313,0
6747,3325,2,1265,0
6748,3325,13,1446,0
6749,3325,0,1593,0
6750,3325,2,978,0
6751,3325,5,886,0
6752,3326,7,945,0
6753,3326,6,1324,0
6754,3326,2,1048,0
6755,3327,9,1538,0
6756,3328,9,1324,0
6757,3328,5,930,0
6758,3328,5,841,0
6759,3328,12,0,1
6760,3330,3,1544,0
6761,3330,11,1521,0
6762,3330,6,1093,0
6763,3330,12,1150,0
6764,3331,8,854,0
6765,3332,0,970,0
6766,3332,12,1593,0
6767,3332,6,1077,0
6768,3333,0,985,0
6769,3333,12,1317,0
6770,3333,13,1020,0
6771,3333,12,1065,0
6772,3333,7,1561,0
6773,3334,11,1229,0
6774,3334,5,1006,0
6775,3335,8,1210,0
6776,3335,2,1477,0
6777,3335,7,1061,0
6778,3335,4,1081,0
6779,3335,10,909,0
6780,3335,11,1325,0
6781,3335,8,1407,0
6782,3336,13,1446,0
6783,3340,3,1003,0
6784,3340,12,1551,0
6785,3340,5,977,0
6786,3341,6,904,0
6787,3341,2,939,0
6788,3341,3,1422,0
6789,3341,13,1488,0
6790,3342,1,942,0
6791,3344,2,1198,0
6792,3344,1,827,0
6793,3344,8,906,0
6794,3344,13,0,1
6795,3344,0,802,0
6796,3344,0,925,0
6797,3344,9,850,0
6798,3344,8,901,0
6799,3345,7,826,0
6800,3346,0,1152,0
6801,3346,0,1242,0
6802,3346,3,1030,0
6803,3346,3,1171,0
6804,3346,5,1085,0
6805,3347,5,1171,0
6806,3347,5,935,0
6807,3348,13,855,0
6808,3349,6,1505,0
6809,3349,5,1427,0
6810,3350,2,1553,0
6811,3350,6,1456,0
6812,3351,13,1278,0
6813,3351,7,861,0
6814,3351,2,1480,0
6815,3354,9,1368,0
6816,3354,5,825,0
6817,3354,3,0,1
6818,3354,11,1427,0
6819,3354,7,1593,0
6820,3355,0,889,0
6821,3356,7,1213,0
6822,3356,1,963,0
6823,3356,0,1425,0
6824,3357,10,1432,0
6825,3357,6,1347,0
6826,3359,9,1396,0
6827,3360,11,835,0
6828,3360,4,1263,0
6829,3360,1,968,0
6830,3362,1,1009,0
6831,3362,6,1597,0
6832,3362,0,946,0
6833,3364,3,943,0
6834,3364,6,1415,0
6835,3364,11,1067,0
6836,3365,3,1123,0
6837,3366,7,1333,0
6838,3366,13,1590,0
6839,3366,5,1324,0
6840,3366,6,804,0
6841,3367,6,956,0
6842,3367,12,954,0
6843,3369,1,923,0
6844,3370,0,1142,0
6845,3370,13,1370,0
6846,3370,4,954,0
6847,3372,4,917,0
6848,3372,5,987,0
6849,3372,6,1310,0
6850,3372,6,1007,0
6851,3372,11,1543,0
6852,3374,3,871,0
6853,3374,13,1463,0
6854,3375,9,1583,0
6855,3376,7,972,0
6856,3376,2,1078,0
6857,3377,9,1318,0
6858,3377,7,1301,0
6859,3379,9,1597,0
6860,3380,2,1371,0
6861,3380,6,1562,0
6862,3381,1,1332,0
6863,3382,0,827,0
6864,3384,12,1574,0
6865,3385,1,1381,0
6866,3386,4,807,0
6867,3386,2,1480,0
6868,3386,13,1313,0
6869,3386,7,980,0
6870,3386,1,835,0
6871,3386,7,1212,0
6872,3386,4,1405,0
6873,3386,3,1393,0
6874,3386,8,1441,0
6875,3387,2,1514,0
6876,3387,3,1104,0
6877,3388,4,1192,0
6878,3388,3,1518,0
6879,3388,4,810,0
6880,3388,2,1271,0
6881,3388,7,1256,0
6882,3388,12,981,0
6883,3388,12,1108,0
6884,3390,8,1209,0
6885,3391,13,1510,0
6886,3391,0,1099,0
6887,3393,9,1179,0
6888,3393,13,1460,0
6889,3394,4,1307,0
6890,3394,13,1154,0
6891,3395,1,1280,0
6892,3395,5,998,0
6893,3395,4,0,1
6894,3395,9,1110,0
6895,3397,7,862,0
6896,3398,4,1599,0
6897,3398,1,1156,0
6898,3398,7,938,0
6899,3399,0,938,0
6900,3399,3,1164,0
6901,3401,3,1121,0
6902,3401,2,871,0
6903,3402,1,0,1
6904,3402,6,839,0
6905,3402,1,831,0
6906,3402,5,896,0
6907,3402,10,1063,0
6908,3403,3,1433,0
6909,3404,1,1398,0
6910,3404,4,1549,0
6911,3405,4,1212,0
6912,3405,11,1106,0
6913,3405,12,1514,0
6914,3405,1,1154,0
6915,3407,0,1330,0
6916,3408,0,824,0
6917,3408,2,1254,0
6918,3409,1,965,0
6919,3409,8,1249,0
6920,3410,12,1339,0
6921,3410,8,1569,0
6922,3410,1,864,0
6923,3410,9,830,0
6924,3410,5,1108,0
6925,3410,0,1487,0
6926,3412,13,1126,0
6927,3413,13,1404,0
6928,3413,8,1113,0
6929,3413,2,877,0
6930,3414,1,1413,0
6931,3415,1,1185,0
6932,3415,6,1014,0
6933,3415,7,1345,0
6934,3415,2,968,0
6935,3415,0,1069,0
6936,3415,1,1314,0
6937,3415,9,1071,0
6938,3415,4,1562,0
6939,3415,8,0,1
6940,3416,9,1243,0
6941,3416,2,1402,0
6942,3418,1,919,0
6943,3418,6,1371,0
6944,3418,13,1476,0
6945,3418,9,982,0
6946,3419,9,1343,0
6947,3419,11,1535,0
6948,3419,6,1500,0
6949,3420,2,1556,0
6950,3420,11,1196,0
6951,3420,5,0,1
6952,3421,9,1212,0
6953,3421,2,1353,0
6954,3421,11,1042,0
6955,3421,10,1117,0
6956,3421,3,1561,0
6957,3422,12,886,0
6958,3422,13,1430,0
6959,3423,3,1338,0
6960,3423,13,1203,0
6961,3424,0,805,0
6962,3426,8,900,0
6963,3426,11,1181,0
6964,3426,0,1255,0
6965,3427,12,1481,0
6966,3427,1,1355,0
6967,3427,6,1182,0
6968,3427,6,1379,0
6969,3427,10,1380,0
6970,3428,12,1588,0
6971,3432,0,1263,0
6972,3432,8,1145,0
6973,3432,2,1453,0
6974,3433,3,1107,0
6975,3434,13,1233,0
6976,3434,1,1290,0
6977,3434,1,1541,0
6978,3434,8,828,0
6979,3434,9,1021,0
6980,3434,6,974,0
6981,3436,5,1072,0
6982,3436,4,1455,0
6983,3436,3,965,0
6984,3436,10,959,0
6985,3436,1,1292,0
6986,3436,13,991,0
6987,3436,2,1081,0
6988,3437,10,1435,0
6989,3437,12,1478,0
6990,3437,13,887,0
6991,3437,10,879,0
6992,3439,7,1387,0
6993,3440,13,1022,0
6994,3440,1,888,0
6995,3440,5,1580,0
6996,3441,12,1012,0
6997,3442,11,0,1
6998,3442,2,1580,0
6999,3443,3,1026,0
7000,3443,9,1438,0
7001,3444,3,1094,0
7002,3444,9,1081,0
7003,3445,13,1012,0
7004,3447,6,1183,0
7005,3447,13,1474,0
7006,3447,1,1184,0
7007,3447,4,1238,0
7008,3447,4,1473,0
7009,3447,1,814,0
7010,3447,13,942,0
7011,3447,3,1594,0
7012,3449,6,1578,0
7013,3450,7,1186,0
7014,3452,0,1099,0
7015,3452,9,1063,0
7016,3453,7,1300,0
7017,3454,4,1548,0
7018,3454,11,1078,0
7019,3456,7,1145,0
7020,3456,7,1475,0
7021,3456,2,1291,0
7022,3456,4,823,0
7023,3456,3,871,0
7024,3456,3,1597,0
7025,3456,7,858,0
7026,3456,12,1005,0
7027,3458,4,0,1
7028,3458,10,1559,0
7029,3459,13,908,0
7030,3459,3,997,0
7031,3459,9,1569,0
7032,3459,3,1267,0
7033,3460,7,899,0
7034,3460,8,1333,0
7035,3462,0,1076,0
7036,3462,9,801,0
7037,3462,11,1450,0
7038,3462,5,806,0
7039,3462,5,1397,0
7040,3462,12,1345,0
7041,3462,8,833,0
7042,3463,11,1471,0
7043,3463,3,1096,0
7044,3463,0,1124,0
7045,3463,4,996,0
7046,3464,11,1139,0
7047,3466,12,1242,0
7048,3466,9,1199,0
7049,3468,1,1541,0
7050,3468,5,1494,0
7051,3469,6,909,0
7052,3469,8,1191,0
7053,3471,9,980,0
7054,3472,0,856,0
7055,3472,9,1331,0
7056,3472,3,1469,0
7057,3472,8,1423,0
7058,3473,1,1196,0
7059,3473,10,1117,0
7060,3473,0,1379,0
7061,3473,12,1034,0
7062,3474,8,1044,0
7063,3475,7,820,0
7064,3475,11,1517,0
7065,3477,8,1493,0
7066,3478,11,1420,0
7067,3478,11,1584,0
7068,3478,10,979,0
7069,3479,7,0,1
7070,3479,10,1227,0
7071,3482,11,1171,0
7072,3483,8,1268,0
7073,3484,8,1317,0
7074,3484,5,1043,0
7075,3486,0,1228,0
7076,3486,11,1149,0
7077,3486,9,998,0
7078,3486,10,810,0
7079,3486,5,0,1
7080,3486,13,952,0
7081,3486,13,880,0
7082,3487,6,1266,0
7083,3487,11,825,0
7084,3487,12,1158,0
7085,3488,3,858,0
7086,3488,7,869,0
7087,3489,0,1035,0
7088,3489,7,1088,0
7089,3489,3,1533,0
7090,3489,8,1049,0
7091,3491,12,1115,0
7092,3491,7,1261,0
7093,3491,10,1240,0
7094,3491,9,1455,0
7095,3492,1,1511,0
7096,3492,3,1060,0
7097,3493,5,1426,0
7098,3493,5,1408,0
7099,3493,11,937,0
7100,3493,8,1299,0
7101,3494,7,966,0
7102,3494,4,1070,0
7103,3494,11,976,0
7104,3495,7,944,0
7105,3496,13,1541,0
7106,3496,2,1599,0
7107,3498,13,1510,0
7108,3499,4,821,0
7109,3499,8,919,0
7110,3499,9,1412,0
7111,3499,10,1398,0
7112,3500,4,847,0
7113,3500,12,998,0
7114,3500,11,1374,0
7115,3502,3,1397,0
7116,3502,9,807,0
7117,3502,1,1572,0
7118,3503,13,1439,0
7119,3503,7,1241,0
7120,3503,9,815,0
7121,3504,5,911,0
7122,3505,10,942,0
7123,3505,3,904,0
7124,3505,0,889,0
7125,3505,11,1354,0
7126,3505,1,1135,0
7127,3505,13,1118,0
7128,3505,11,1379,0
7129,3507,12,1149,0
7130,3511,2,1067,0
7131,3511,8,1527,0
7132,3511,10,859,0
7133,3511,3,897,0
7134,3511,13,1279,0
7135,3511,10,1190,0
7136,3511,10,1596,0
7137,3511,13,1359,0
7138,3512,3,996,0
7139,3512,2,1509,0
7140,3512,10,1106,0
7141,3514,8,1218,0
7142,3514,6,1326,0
7143,3515,12,1045,0
7144,3515,13,1146,0
7145,3516,8,933,0
7146,3516,9,1194,0
7147,3516,1,1246,0
7148,3516,11,1439,0
7149,3519,13,1521,0
7150,3519,3,1209,0
7151,3519,7,1291,0
7152,3519,6,1179,0
7153,3521,3,1383,0
7154,3521,9,1213,0
7155,3521,12,1015,0
7156,3521,7,1044,0
7157,3522,3,1062,0
7158,3522,13,888,0
7159,3522,6,1387,0
7160,3522,8,862,0
7161,3522,0,841,0
7162,3522,12,1141,0
7163,3523,5,0,1
7164,3523,6,1544,0
7165,3524,2,1228,0
7166,3524,9,937,0
7167,3524,0,1250,0
7168,3524,1,1041,0
7169,3526,1,935,0
7170,3526,12,991,0
7171,3526,12,880,0
7172,3527,1,1439,0
7173,3527,1,1416,0
7174,3528,10,1095,0
7175,3528,12,1582,0
7176,3528,1,1251,0
7177,3531,11,1502,0
7178,3531,6,1283,0
7179,3532,12,1332,0
7180,3532,9,1152,0
7181,3533,6,1269,0
7182,3534,10,1428,0
7183,3534,1,1525,0
7184,3534,13,1121,0
7185,3534,10,1206,0
7186,3535,0,836,0
7187,3535,9,1267,0
7188,3535,3,1089,0
7189,3535,1,977,0
7190,3536,5,1156,0
7191,3536,11,1168,0
7192,3536,4,1494,0
7193,3537,11,1206,0
7194,3537,8,929,0
7195,3537,12,1487,0
7196,3538,1,1501,0
7197,3538,9,953,0
7198,3538,13,1505,0
7199,3539,4,914,0
7200,3539,6,1363,0
7201,3540,8,1028,0
7202,3540,6,1243,0
7203,3540,1,883,0
7204,3542,6,1521,0
7205,3542,2,1141,0
7206,3542,6,938,0
7207,3543,5,1306,0
7208,3543,3,1580,0
7209,3543,0,1040,0
7210,3544,11,1112,0
7211,3544,8,1531,0
7212,3544,3,886,0
7213,3544,9,1064,0
7214,3544,1,1447,0
7215,3544,0,805,0
7216,3545,0,1270,0
7217,3546,9,1127,0
7218,3546,13,875,0
7219,3546,2,1352,0
7220,3546,4,1004,0
7221,3546,8,881,0
7222,3546,13,887,0
7223,3547,5,1296,0
7224,3547,7,912,0
7225,3548,9,1219,0
7226,3548,5,822,0
7227,3548,8,1488,0
7228,3549,5,1561,0
7229,3549,0,807,0
7230,3549,1,1126,0
7231,3549,6,949,0
7232,3549,13,1590,0
7233,3549,3,1569,0
7234,3549,13,820,0
7235,3549,12,1257,0
7236,3549,0,851,0
7237,3549,10,1282,0
7238,3549,13,1015,0
7239,3549,7,1338,0
7240,3549,12,908,0
7241,3551,7,941,0
7242,3551,0,1350,0
7243,3553,4,943,0
7244,3553,7,0,1
7245,3554,3,1290,0
7246,3554,0,1298,0
7247,3554,5,1379,0
7248,3555,7,1361,0
7249,3556,13,903,0
7250,3556,12,876,0
7251,3556,6,1124,0
7252,3559,13,1464,0
7253,3560,8,1575,0
7254,3560,3,1430,0
7255,3560,13,1246,0
7256,3561,10,825,0
7257,3561,1,1069,0
7258,3563,5,825,0
7259,3564,9,1110,0
7260,3564,4,811,0
7261,3565,4,1038,0
7262,3565,7,956,0
7263,3565,10,921,0
7264,3565,3,1462,0
7265,3567,5,1019,0
7266,3567,4,1252,0
7267,3568,11,1069,0
7268,3570,3,1415,0
7269,3570,4,800,0
7270,3571,6,1291,0
7271,3572,0,1301,0
7272,3572,11,1124,0
7273,3572,11,882,0
7274,3572,10,1371,0
7275,3573,5,1064,0
7276,3573,6,1593,0
7277,3573,2,1179,0
7278,3573,1,1470,0
7279,3575,4,1598,0
7280,3575,7,983,0
7281,3576,2,962,0
7282,3576,1,1569,0
7283,3577,5,1477,0
7284,3579,2,1126,0
7285,3580,3,892,0
7286,3580,6,996,0
7287,3581,1,1415,0
7288,3582,11,1426,0
7289,3582,10,1453,0
7290,3582,2,1562,0
7291,3584,9,920,0
7292,3584,7,1111,0
7293,3585,10,856,0
7294,3585,5,1243,0
7295,3585,9,849,0
7296,3586,11,820,0
7297,3588,0,1422,0
7298,3588,4,890,0
7299,3588,12,1242,0
7300,3588,6,1268,0
7301,3589,10,1215,0
7302,3589,12,956,0
7303,3589,3,1198,0
7304,3590,10,1505,0
7305,3591,6,0,1
7306,3591,6,1581,0
7307,3592,8,1405,0
7308,3592,8,1252,0
7309,3592,12,935,0
7310,3592,10,0,1
7311,3593,13,1356,0
7312,3593,0,1372,0
7313,3594,13,883,0
7314,3594,7,1350,0
7315,3596,0,0,1
7316,3596,11,0,1
7317,3596,5,972,0
7318,3597,4,1401,0
7319,3597,12,890,0
7320,3598,12,1040,0
7321,3598,0,1018,0
7322,3599,1,903,0
7323,3599,7,1264,0
7324,3599,10,1097,0
7325,3600,7,835,0
7326,3601,1,1224,0
7327,3601,8,1332,0
7328,3602,3,1114,0
7329,3602,10,1215,0
7330,3603,13,1214,0
7331,3605,5,1467,0
7332,3605,4,1266,0
7333,3606,3,1207,0
7334,3606,11,1310,0
7335,3606,0,1347,0
7336,3607,9,828,0
7337,3607,13,1438,0
7338,3607,6,1486,0
7339,3607,2,1266,0
7340,3608,8,937,0
7341,3609,4,983,0
7342,3610,4,1355,0
7343,3610,1,972,0
7344,3610,0,953,0
7345,3610,0,966,0
7346,3611,1,1543,0
7347,3611,12,1020,0
7348,3611,2,1313,0
7349,3611,10,1414,0
7350,3611,4,936,0
7351,3612,2,840,0
7352,3612,1,880,0
7353,3612,9,1532,0
7354,3613,1,917,0
7355,3613,2,1572,0
7356,3613,11,1174,0
7357,3613,8,824,0
7358,3615,12,1061,0
7359,3615,2,1476,0
7360,3615,2,1119,0
7361,3615,9,0,1
7362,3615,0,1251,0
7363,3615,5,1502,0
7364,3615,1,1225,0
7365,3615,1,1385,0
7366,3616,1,1563,0
7367,3616,10,819,0
7368,3616,0,868,0
7369,3616,1,1056,0
7370,3616,13,1512,0
7371,3616,1,875,0
7372,3617,11,1542,0
7373,3617,4,1588,0
7374,3617,4,1166,0
7375,3617,11,1128,0
7376,3617,12,1359,0
7377,3619,4,1441,0
7378,3621,12,1405,0
7379,3621,12,809,0
7380,3623,3,1252,0
7381,3624,5,1498,0
7382,3624,8,1449,0
7383,3624,2,1070,0
7384,3624,4,1219,0
7385,3624,11,1008,0
7386,3624,0,1539,0
7387,3624,0,1247,0
7388,3625,13,1212,0
7389,3625,11,1040,0
7390,3625,10,1166,0
7391,3625,5,994,0
7392,3626,2,1432,0
7393,3626,7,1210,0
7394,3628,4,1420,0
7395,3628,6,1493,0
7396,3628,4,920,0
7397,3628,2,1245,0
7398,3628,12,1449,0
7399,3628,3,1382,0
7400,3628,8,817,0
7401,3628,1,1092,0
7402,3628,1,1557,0
7403,3628,10,877,0
7404,3628,3,814,0
7405,3628,0,1355,0
7406,3628,2,1588,0
7407,3629,7,1077,0
7408,3629,13,1474,0
7409,3629,9,0,1
7410,3629,12,895,0
7411,3629,6,1218,0
7412,3629,2,823,0
7413,3629,4,1358,0
7414,3629,4,1340,0
7415,3629,11,1425,0
7416,3629,4,1166,0
7417,3629,9,0,1
7418,3629,12,1134,0
7419,3629,2,1066,0
7420,3630,2,1126,0
7421,3630,2,1582,0
7422,3630,9,1195,0
7423,3630,2,1416,0
7424,3630,1,1593,0
7425,3632,2,1226,0
7426,3632,11,1430,0
7427,3633,12,1135,0
7428,3633,10,1141,0
7429,3634,13,1255,0
7430,3634,6,1401,0
7431,3634,13,929,0
7432,3634,1,923,0
7433,3634,3,1323,0
7434,3635,0,1108,0
7435,3637,10,1456,0
7436,3637,7,1066,0
7437,3637,2,1463,0
7438,3637,9,1516,0
7439,3639,10,1442,0
7440,3640,10,0,1
7441,3640,4,1300,0
7442,3640,5,1304,0
7443,3640,7,1498,0
7444,3641,11,1301,0
7445,3641,7,1086,0
7446,3641,10,1418,0
7447,3641,8,0,1
7448,3642,10,1542,0
7449,3642,9,1037,0
7450,3644,0,1293,0
7451,3644,7,1448,0
7452,3647,13,959,0
7453,3647,11,1418,0
7454,3647,11,1334,0
7455,3648,2,1417,0
7456,3648,1,1435,0
7457,3648,8,1236,0
7458,3648,7,1155,0
7459,3648,10,816,0
7460,3648,0,1314,0
7461,3649,8,1261,0
7462,3649,0,1147,0
7463,3649,1,1085,0
7464,3649,2,1377,0
7465,3649,8,885,0
7466,3650,1,1256,0
7467,3650,5,1481,0
7468,3650,10,1453,0
7469,3650,1,1586,0
7470,3650,5,975,0
7471,3651,12,1142,0
7472,3651,11,1131,0
7473,3652,13,1551,0
7474,3655,3,817,0
7475,3655,9,1479,0
7476,3657,1,1535,0
7477,3657,5,1000,0
7478,3657,5,854,0
7479,3658,12,802,0
7480,3658,12,1126,0
7481,3658,1,820,0
7482,3658,5,1582,0
7483,3658,2,1227,0
7484,3659,2,877,0
7485,3659,13,943,0
7486,3659,4,1362,0
7487,3659,10,1497,0
7488,3661,10,1260,0
7489,3661,1,1250,0
7490,3661,2,902,0
7491,3662,8,1404,0
7492,3662,11,1512,0
7493,3664,2,1484,0
7494,3664,13,1532,0
7495,3666,0,863,0
7496,3668,0,1535,0
7497,3669,8,900,0
7498,3669,1,847,0
7499,3670,4,1524,0
7500,3671,7,1186,0
7501,3672,4,0,1
7502,3673,2,958,0
7503,3673,4,991,0
7504,3674,11,1403,0
7505,3675,5,1106,0
7506,3675,3,1199,0
7507,3675,12,1244,0
7508,3675,4,971,0
7509,3675,10,1106,0
7510,3675,3,1058,0
7511,3676,1,899,0
7512,3676,11,828,0
7513,3676,8,1249,0
7514,3676,5,900,0
7515,3676,2,1236,0
7516,3676,6,843,0
7517,3676,7,1367,0
7518,3676,9,1425,0
7519,3676,8,1305,0
7520,3676,7,978,0
7521,3676,3,904,0
7522,3676,2,984,0
7523,3676,0,1524,0
7524,3677,7,1142,0
7525,3678,7,801,0
7526,3678,5,1194,0
7527,3678,11,1548,0
7528,3678,7,1567,0
7529,3678,13,1390,0
7530,3679,11,1244,0
7531,3679,1,1432,0
7532,3679,7,1412,0
7533,3679,9,1214,0
7534,3680,3,1038,0
7535,3681,0,1235,0
7536,3681,8,1052,0
7537,3681,0,1387,0
7538,3681,13,1492,0
7539,3681,1,1590,0
7540,3682,6,1056,0
7541,3683,7,1421,0
7542,3684,9,804,0
7543,3687,3,1384,0
7544,3689,2,831,0
7545,3690,6,837,0
7546,3690,7,1559,0
7547,3690,5,1174,0
7548,3690,11,1323,0
7549,3690,7,1191,0
7550,3690,7,808,0
7551,3692,3,1138,0
7552,3692,13,926,0
7553,3692,4,1158,0
7554,3692,1,1597,0
7555,3693,0,1468,0
7556,3693,4,1315,0
7557,3693,9,1382,0
7558,3693,7,1001,0
7559,3694,12,996,0
7560,3694,10,982,0
7561,3694,2,853,0
7562,3695,11,1533,0
7563,3697,11,1020,0
7564,3697,2,1053,0
7565,3700,7,1199,0
7566,3700,6,1004,0
7567,3701,0,1253,0
7568,3702,1,983,0
7569,3702,13,1004,0
7570,3704,2,1494,0
7571,3704,8,1102,0
7572,3705,13,1160,0
7573,3705,9,1198,0
7574,3706,12,891,0
7575,3706,4,1014,0
7576,3706,8,1427,0
7577,3706,7,1269,0
7578,3707,10,1068,0
7579,3709,2,1475,0
7580,3710,7,1448,0
7581,3710,0,1277,0
7582,3712,11,1189,0
7583,3712,2,1600,0
7584,3712,10,1101,0
7585,3713,13,1572,0
7586,3713,1,832,0
7587,3713,9,805,0
7588,3713,10,800,0
7589,3713,2,1231,0
7590,3715,5,848,0
7591,3715,1,1374,0
7592,3715,1,1182,0
7593,3715,0,1262,0
7594,3715,3,1266,0
7595,3715,10,1083,0
7596,3716,13,1238,0
7597,3717,10,1539,0
7598,3717,2,1359,0
7599,3718,10,1294,0
7600,3718,6,1386,0
7601,3718,10,0,1
7602,3718,3,1577,0
7603,3718,13,0,1
7604,3718,6,1217,0
7605,3719,3,812,0
7606,3720,5,1435,0
7607,3722,3,1156,0
7608,3722,4,1501,0
7609,3723,3,1390,0
7610,3723,3,1342,0
7611,3723,8,1195,0
7612,3724,10,1012,0
7613,3725,13,1370,0
7614,3726,10,930,0
7615,3726,7,1280,0
7616,3728,0,1161,0
7617,3729,0,842,0
7618,3730,2,1338,0
7619,3730,5,1189,0
7620,3731,13,866,0
7621,3731,12,1443,0
7622,3731,3,978,0
7623,3732,5,0,1
7624,3732,8,1558,0
7625,3732,13,1068,0
7626,3732,3,872,0
7627,3734,8,1051,0
7628,3734,2,1105,0
7629,3734,5,1038,0
7630,3734,11,821,0
7631,3735,12,1125,0
7632,3735,3,986,0
7633,3736,9,835,0
7634,3737,0,1359,0
7635,3737,11,806,0
7636,3737,8,1492,0
7637,3738,0,0,1
7638,3739,0,850,0
7639,3739,9,1376,0
7640,3739,12,1510,0
7641,3740,2,988,0
7642,3741,10,826,0
7643,3741,7,1358,0
7644,3741,12,0,1
7645,3741,11,1262,0
7646,3743,8,1231,0
7647,3744,5,1371,0
7648,3744,7,1364,0
7649,3745,6,1489,0
7650,3746,5,1068,0
7651,3746,1,910,0
7652,3747,13,1485,0
7653,3747,12,1465,0
7654,3747,0,1345,0
7655,3748,0,1127,0
7656,3748,8,1586,0
7657,3748,8,1220,0
7658,3752,11,1283,0
7659,3753,12,848,0
7660,3753,9,1560,0
7661,3753,6,1443,0
7662,3753,0,890,0
7663,3753,4,973,0
7664,3753,9,855,0
7665,3753,0,988,0
7666,3753,12,1475,0
7667,3753,6,1536,0
7668,3753,3,1410,0
7669,3754,5,875,0
7670,3755,2,1445,0
7671,3755,6,847,0
7672,3755,6,1357,0
7673,3755,5,1578,0
7674,3757,7,1105,0
7675,3757,10,906,0
7676,3758,12,1165,0
7677,3758,8,1327,0
7678,3759,9,1471,0
7679,3759,8,975,0
7680,3760,2,860,0
7681,3762,13,1273,0
7682,3762,11,935,0
7683,3763,2,1354,0
7684,3763,2,837,0
7685,3763,0,1422,0
7686,3764,1,1087,0
7687,3765,5,1467,0
7688,3766,6,1278,0
7689,3766,3,1457,0
7690,3770,13,1190,0
7691,3773,4,1512,0
7692,3774,11,1225,0
7693,3775,10,929,0
7694,3776,9,1187,0
7695,3777,5,877,0
7696,3777,2,1102,0
7697,3778,13,1310,0
7698,3778,2,1203,0
7699,3780,5,1311,0
7700,3781,8,1160,0
7701,3782,2,1447,0
7702,3782,12,1178,0
7703,3782,5,1420,0
7704,3783,5,829,0
7705,3783,1,975,0
7706,3784,1,1298,0
7707,3785,13,1153,0
7708,3785,13,1389,0
7709,3785,0,1255,0
7710,3787,4,1123,0
7711,3787,7,1588,0
7712,3788,2,1052,0
7713,3789,11,1008,0
7714,3789,1,1206,0
7715,3789,8,1489,0
7716,3789,7,1544,0
7717,3789,12,858,0
7718,3789,3,1346,0
7719,3790,9,1479,0
7720,3791,8,880,0
7721,3791,2,1104,0
7722,3793,7,1123,0
7723,3794,2,1114,0
7724,3794,5,1224,0
7725,3794,7,981,0
7726,3794,10,1301,0
7727,3795,7,1475,0
7728,3795,3,1243,0
7729,3796,4,1461,0
7730,3796,6,1060,0
7731,3796,13,814,0
7732,3798,5,846,0
7733,3798,11,1464,0
7734,3798,0,942,0
7735,3798,0,1329,0
7736,3799,0,1488,0
7737,3799,0,1477,0
7738,3799,12,1373,0
7739,3800,12,1132,0
7740,3801,6,0,1
7741,3801,3,1316,0
7742,3801,12,1374,0
7743,3801,2,1487,0
7744,3803,7,0,1
7745,3804,6,826,0
7746,3804,9,933,0
7747,3804,9,1502,0
7748,3804,12,1342,0
7749,3805,1,1134,0
7750,3805,12,1392,0
7751,3806,0,1270,0
7752,3806,4,895,0
7753,3806,8,0,1
7754,3806,12,1523,0
7755,3806,13,999,0
7756,3809,5,1335,0
7757,3809,12,815,0
7758,3810,13,1395,0
7759,3810,0,1381,0
7760,3810,9,958,0
7761,3810,1,1001,0
7762,3811,11,1141,0
7763,3811,2,1544,0
7764,3811,13,906,0
7765,3814,0,997,0
7766,3814,10,887,0
7767,3815,12,1349,0
7768,3815,4,984,0
7769,3816,12,1469,0
7770,3816,0,1248,0
7771,3817,11,928,0
7772,3818,8,923,0
7773,3821,0,1286,0
7774,3822,13,1252,0
7775,3822,11,1056,0
7776,3824,7,1060,0
7777,3824,4,1211,0
7778,3824,12,0,1
7779,3824,13,945,0
7780,3826,1,0,1
7781,3826,9,1003,0
7782,3827,2,1098,0
7783,3827,11,984,0
7784,3827,12,1174,0
7785,3827,3,1137,0
7786,3827,3,959,0
7787,3827,0,1241,0
7788,3828,0,1245,0
7789,3829,7,846,0
7790,3829,7,1374,0
7791,3829,5,1465,0
7792,3829,13,1319,0
7793,3831,8,1479,0
7794,3831,0,1035,0
7795,3832,3,1257,0
7796,3832,13,924,0
7797,3832,4,1309,0
7798,3832,1,1585,0
7799,3832,8,1289,0
7800,3832,0,1406,0
7801,3832,2,1189,0
7802,3832,6,1203,0
7803,3834,6,1207,0
7804,3834,10,1404,0
7805,3834,2,1520,0
7806,3835,6,1416,0
7807,3836,9,1527,0
7808,3836,12,875,0
7809,3836,5,860,0
7810,3836,1,956,0
7811,3836,13,814,0
7812,3837,10,0,1
7813,3837,11,1589,0
7814,3840,5,916,0
7815,3840,4,1256,0
7816,3840,8,1483,0
7817,3841,6,1491,0
7818,3842,8,1011,0
7819,3843,11,1493,0
7820,3844,9,898,0
7821,3844,4,1235,0
7822,3845,10,1498,0
7823,3845,12,1482,0
7824,3845,8,880,0
7825,3845,6,1270,0
7826,3846,9,1427,0
7827,3846,8,979,0
7828,3847,0,1498,0
7829,3847,4,1109,0
7830,3847,0,973,0
7831,3848,9,921,0
7832,3848,3,1189,0
7833,3848,5,1156,0
7834,3848,12,1458,0
7835,3849,13,836,0
7836,3849,8,885,0
7837,3849,11,1527,0
7838,3849,5,1135,0
7839,3849,4,1566,0
7840,3849,6,1197,0
7841,3850,7,1392,0
7842,3850,1,1136,0
7843,3851,10,1094,0
7844,3851,6,872,0
7845,3851,3,1303,0
7846,3851,9,1112,0
7847,3851,3,1358,0
7848,3853,6,1501,0
7849,3853,0,1353,0
7850,3853,0,1484,0
7851,3853,12,879,0
7852,3854,7,1243,0
7853,3854,11,1356,0
7854,3855,6,856,0
7855,3856,10,1180,0
7856,3856,5,1599,0
7857,3856,6,1539,0
7858,3857,0,849,0
7859,3857,0,1459,0
7860,3857,7,1529,0
7861,3857,9,989,0
7862,3857,3,1483,0
7863,3858,6,898,0
7864,3859,2,1316,0
7865,3859,10,1129,0
7866,3859,10,1553,0
7867,3859,8,1312,0
7868,3859,13,1127,0
7869,3859,1,1205,0
7870,3861,6,1489,0
7871,3861,8,1313,0
7872,3861,10,989,0
7873,3862,1,1205,0
7874,3862,2,961,0
7875,3863,4,1551,0
7876,3863,0,1212,0
7877,3864,3,819,0
7878,3864,2,1471,0
7879,3868,4,841,0
7880,3868,8,1391,0
7881,3868,10,1544,0
7882,3868,3,1329,0
7883,3870,9,834,0
7884,3870,10,874,0
7885,3871,1,1312,0
7886,3872,5,1461,0
7887,3874,1,1181,0
7888,3874,8,1454,0
7889,3874,12,1294,0
7890,3874,9,1042,0
7891,3874,1,956,0
7892,3874,1,979,0
7893,3876,0,1353,0
7894,3876,1,0,1
7895,3876,6,1202,0
7896,3878,7,813,0
7897,3879,13,924,0
7898,3879,0,862,0
7899,3879,7,1469,0
7900,3881,2,852,0
7901,3881,13,1166,0
7902,3882,13,904,0
7903,3883,8,1292,0
7904,3883,13,1589,0
7905,3883,0,1416,0
7906,3885,4,990,0
7907,3885,12,1480,0
7908,3885,13,1515,0
7909,3885,4,1038,0
7910,3885,0,1069,0
7911,3885,0,1315,0
7912,3885,9,1103,0
7913,3885,11,1414,0
7914,3887,4,1338,0
7915,3887,9,1077,0
7916,3888,12,1420,0
7917,3888,3,846,0
7918,3889,0,1108,0
7919,3889,11,1438,0
7920,3889,5,1004,0
7921,3889,8,1012,0
7922,3889,1,1442,0
7923,3890,11,1423,0
7924,3890,7,1057,0
7925,3890,4,1067,0
7926,3891,10,1096,0
7927,3891,5,1275,0
7928,3893,6,1083,0
7929,3894,6,1102,0
7930,3896,6,0,1
7931,3897,2,1433,0
7932,3897,11,0,1
7933,3898,1,812,0
7934,3899,7,1411,0
7935,3899,4,1346,0
7936,3900,13,1122,0
7937,3900,12,1029,0
7938,3904,4,1354,0
7939,3904,0,804,0
7940,3905,4,1108,0
7941,3906,6,1011,0
7942,3907,2,1326,0
7943,3907,11,1058,0
7944,3908,4,1299,0
7945,3908,1,1025,0
7946,3908,2,800,0
7947,3909,4,1591,0
7948,3909,7,1586,0
7949,3909,6,1109,0
7950,3909,6,1242,0
7951,3910,2,1183,0
7952,3910,12,1003,0
7953,3910,7,1419,0
7954,3911,7,1186,0
7955,3911,10,1346,0
7956,3912,3,1242,0
7957,3912,13,1071,0
7958,3912,1,896,0
7959,3913,3,912,0
7960,3914,0,844,0
7961,3914,12,887,0
7962,3915,2,965,0
7963,3916,8,1128,0
7964,3916,5,1475,0
7965,3917,10,1147,0
7966,3918,10,953,0
7967,3918,6,1466,0
7968,3918,1,1534,0
7969,3918,1,903,0
7970,3918,2,1194,0
7971,3919,0,1199,0
7972,3919,3,1155,0
7973,3919,6,896,0
7974,3919,3,993,0
7975,3919,4,1005,0
7976,3922,10,845,0
7977,3922,8,850,0
7978,3922,11,1597,0
7979,3922,1,1260,0
7980,3923,5,1250,0
7981,3925,6,1260,0
7982,3927,6,1464,0
7983,3927,1,1288,0
7984,3929,1,1564,0
7985,3930,2,1496,0
7986,3930,7,1216,0
7987,3930,10,1490,0
7988,3932,9,1487,0
7989,3932,9,1162,0
7990,3932,13,836,0
7991,3934,1,942,0
7992,3935,7,1056,0
7993,3935,0,989,0
7994,3935,4,1123,0
7995,3936,11,1552,0
7996,3937,9,991,0
7997,3938,2,1496,0
7998,3938,2,1296,0
7999,3938,2,1227,0
8000,3938,6,1227,0
8001,3938,11,821,0
8002,3939,2,1154,0
8003,3940,0,1044,0
8004,3940,2,892,0
8005,3940,12,1223,0
8006,3940,3,851,0
8007,3940,1,1220,0
8008,3943,6,1466,0
8009,3943,4,1070,0
8010,3944,10,980,0
8011,3944,8,967,0
8012,3944,2,1158,0
8013,3944,4,1317,0
8014,3945,0,950,0
8015,3945,5,805,0
8016,3946,3,1111,0
8017,3947,3,1429,0
8018,3947,3,1370,0
8019,3948,11,1031,0
8020,3948,2,1552,0
8021,3948,10,0,1
8022,3949,13,1541,0
8023,3949,6,1075,0
8024,3949,9,897,0
8025,3951,12,938,0
8026,3951,1,1480,0
8027,3951,10,1496,0
8028,3951,11,923,0
8029,3951,11,1361,0
8030,3951,0,861,0
8031,3951,11,1515,0
8032,3952,11,1029,0
8033,3952,8,1308,0
8034,3952,0,1159,0
8035,3952,9,807,0
8036,3952,11,1199,0
8037,3953,8,1337,0
8038,3953,8,1563,0
8039,3953,5,1284,0
8040,3953,8,1457,0
8041,3953,2,880,0
8042,3954,8,1439,0
8043,3956,4,1534,0
8044,3956,1,1540,0
8045,3956,5,826,0
8046,3956,13,1064,0
8047,3957,4,0,1
8048,3958,11,894,0
8049,3962,11,1236,0
8050,3965,0,1463,0
8051,3967,5,1348,0
8052,3967,4,931,0
8053,3967,2,1456,0
8054,3970,6,875,0
8055,3970,11,1250,0
8056,3970,13,1145,0
8057,3970,7,1393,0
8058,3971,11,1226,0
8059,3971,6,839,0
8060,3974,7,0,1
8061,3974,0,1209,0
8062,3975,7,0,1
8063,3975,2,1267,0
8064,3976,12,967,0
8065,3977,7,1280,0
8066,3978,8,953,0
8067,3979,9,1388,0
8068,3979,11,944,0
8069,3979,3,1473,0
8070,3979,9,1327,0
8071,3979,13,952,0
8072,3979,2,1534,0
8073,3980,7,1552,0
8074,3982,9,1258,0
8075,3983,7,1523,0
8076,3983,9,1496,0
8077,3983,9,1146,0
8078,3984,6,1038,0
8079,3985,7,1445,0
8080,3985,2,1132,0
8081,3985,2,998,0
8082,3986,1,1341,0
8083,3986,5,1582,0
8084,3988,9,1332,0
8085,3989,1,1243,0
8086,3990,10,1528,0
8087,3990,10,1435,0
8088,3991,3,1231,0
8089,3991,7,1269,0
8090,3992,10,1430,0
8091,3992,13,1241,0
8092,3992,11,1086,0
8093,3993,6,1087,0
8094,3994,5,1570,0
8095,3994,12,1589,0
8096,3995,7,1213,0
8097,3996,11,1054,0
8098,3996,12,1234,0
8099,3996,13,1345,0
8100,3996,0,934,0
8101,3996,6,951,0
8102,3996,10,1027,0
8103,3996,11,994,0
8104,3996,4,1271,0
8105,3996,4,808,0
8106,3997,10,1025,0
8107,3997,5,1495,0
8108,3997,5,1434,0
8109,3997,9,1368,0
8110,3997,0,1015,0
8111,3997,3,1450,0
8112,3997,3,1499,0
8113,3998,3,935,0
8114,3999,0,1082,0
8115,3999,13,1263,0
8116,4000,9,832,0
8117,4000,10,1050,0
8118,4001,11,1411,0
8119,4001,6,1357,0
8120,4001,7,1082,0
8121,4001,1,812,0
8122,4005,4,991,0
8123,4005,12,890,0
8124,4005,6,1130,0
8125,4005,3,1246,0
8126,4005,12,1464,0
8127,4006,9,1124,0
8128,4007,0,1595,0
8129,4007,12,1062,0
8130,4007,12,1153,0
8131,4008,6,934,0
8132,4008,12,1396,0
8133,4008,1,1082,0
8134,4008,7,883,0
8135,4008,6,1343,0
8136,4008,1,1069,0
8137,4009,9,889,0
8138,4013,9,903,0
8139,4014,13,984,0
8140,4014,9,1556,0
8141,4014,7,1120,0
8142,4014,8,1464,0
8143,4015,6,1544,0
8144,4015,1,1045,0
8145,4015,4,1330,0
8146,4015,0,1386,0
8147,4015,3,1128,0
8148,4015,9,848,0
8149,4015,1,1189,0
8150,4015,12,1409,0
8151,4015,0,895,0
8152,4015,3,1377,0
8153,4015,0,1238,0
8154,4016,11,1022,0
8155,4016,5,907,0
8156,4016,12,1573,0
8157,4017,6,842,0
8158,4018,3,1258,0
8159,4018,10,1186,0
8160,4018,11,976,0
8161,4018,7,1542,0
8162,4018,7,964,0
8163,4019,10,1488,0
8164,4020,5,1161,0
8165,4021,9,806,0
8166,4021,10,1182,0
8167,4021,0,1321,0
8168,4022,5,1357,0
8169,4022,0,958,0
8170,4022,1,1207,0
8171,4023,0,1000,0
8172,4023,10,1166,0
8173,4023,7,1044,0
8174,4024,9,906,0
8175,4024,10,985,0
8176,4024,4,1044,0
8177,4025,6,1002,0
8178,4025,13,1584,0
8179,4025,1,1131,0
8180,4027,5,1367,0
8181,4027,3,959,0
8182,4027,9,1330,0
8183,4027,5,1305,0
8184,4027,10,1354,0
8185,4028,7,1325,0
8186,4028,4,1424,0
8187,4029,0,1581,0
8188,4029,13,1271,0
8189,4030,1,1322,0
8190,4031,10,968,0
8191,4031,13,1123,0
8192,4032,0,913,0
8193,4032,9,856,0
8194,4033,9,1377,0
8195,4033,5,810,0
8196,4033,7,1077,0
8197,4033,0,1271,0
8198,4034,11,1347,0
8199,4034,11,1500,0
8200,4035,3,931,0
8201,4035,3,819,0
8202,4035,10,1542,0
8203,4036,1,0,1
8204,4036,13,835,0
8205,4036,13,946,0
8206,4037,3,1417,0
8207,4038,13,920,0
8208,4038,10,1282,0
8209,4038,11,902,0
8210,4039,3,816,0
8211,4039,7,0,1
8212,4040,11,1484,0
8213,4040,5,1305,0
8214,4040,2,1220,0
8215,4041,0,824,0
8216,4041,10,1576,0
8217,4042,9,1000,0
8218,4043,13,990,0
8219,4043,8,1254,0
8220,4043,8,1338,0
8221,4043,4,860,0
8222,4044,3,1599,0
8223,4045,2,1453,0
8224,4045,10,1215,0
8225,4045,12,958,0
8226,4045,4,1321,0
8227,4045,7,936,0
8228,4046,4,1370,0
8229,4046,7,1119,0
8230,4046,9,1276,0
8231,4046,10,1550,0
8232,4046,0,1519,0
8233,4046,3,1310,0
8234,4049,6,1516,0
8235,4049,6,1075,0
8236,4049,0,1400,0
8237,4049,10,919,0
8238,4049,0,0,1
8239,4050,13,946,0
8240,4051,7,1184,0
8241,4051,12,984,0
8242,4052,4,1436,0
8243,4052,0,1379,0
8244,4052,3,966,0
8245,4052,8,1396,0
8246,4052,1,892,0
8247,4052,8,1297,0
8248,4053,10,830,0
8249,4053,0,1102,0
8250,4053,1,1160,0
8251,4053,6,1360,0
8252,4053,6,804,0
8253,4053,13,927,0
8254,4054,0,1011,0
8255,4055,7,1498,0
8256,4055,12,998,0
8257,4055,6,1428,0
8258,4056,9,1226,0
8259,4056,0,1286,0
8260,4056,6,1397,0
8261,4056,13,1120,0
8262,4057,11,1340,0
8263,4057,5,1145,0
8264,4057,2,868,0
8265,4057,0,1165,0
8266,4057,13,1462,0
8267,4058,7,1333,0
8268,4060,6,1497,0
8269,4060,3,1182,0
8270,4060,5,1248,0
8271,4060,0,1250,0
8272,4060,13,1047,0
8273,4060,13,0,1
8274,4061,13,981,0
8275,4063,12,1207,0
8276,4064,12,1377,0
8277,4065,3,1433,0
8278,4067,1,871,0
8279,4067,7,1096,0
8280,4068,12,981,0
8281,4068,10,1155,0
8282,4069,11,1238,0
8283,4069,1,1451,0
8284,4069,3,1599,0
8285,4069,2,1377,0
8286,4071,7,1265,0
8287,4073,6,1077,0
8288,4074,6,1296,0
8289,4074,9,1197,0
8290,4074,0,1273,0
8291,4074,2,1204,0
8292,4076,10,1352,0
8293,4076,8,811,0
8294,4076,10,980,0
8295,4076,2,1235,0
8296,4076,13,1411,0
8297,4077,7,1127,0
8298,4077,2,980,0
8299,4077,13,1024,0
8300,4077,13,1126,0
8301,4077,6,1162,0
8302,4077,1,1325,0
8303,4077,10,1447,0
8304,4077,13,848,0
8305,4077,6,1017,0
8306,4078,1,1469,0
8307,4078,2,1580,0
8308,4078,11,1090,0
8309,4078,11,1239,0
8310,4079,5,916,0
8311,4080,13,915,0
8312,4080,10,1123,0
8313,4080,0,1416,0
8314,4080,1,1436,0
8315,4080,7,1191,0
8316,4081,5,941,0
8317,4081,6,1548,0
8318,4082,9,1077,0
8319,4083,1,1078,0
8320,4083,10,1136,0
8321,4083,3,911,0
8322,4085,11,929,0
8323,4086,8,1467,0
8324,4086,3,1115,0
8325,4087,8,1593,0
8326,4087,5,811,0
8327,4087,4,1024,0
8328,4087,10,834,0
8329,4088,11,1315,0
8330,4088,4,831,0
8331,4088,2,1010,0
8332,4088,6,1036,0
8333,4090,3,1115,0
8334,4091,12,846,0
8335,4091,0,1039,0
8336,4091,1,968,0
8337,4091,11,1458,0
8338,4091,11,943,0
8339,4092,0,1517,0
8340,4092,9,999,0
8341,4092,4,1121,0
8342,4093,9,1487,0
8343,4093,9,1223,0
8344,4095,1,1368,0
8345,4095,8,825,0
8346,4096,8,1041,0
8347,4096,1,1496,0
8348,4096,13,1181,0
8349,4097,0,890,0
8350,4099,10,1158,0
8351,4099,11,1478,0
8352,4102,2,1203,0
8353,4102,1,847,0
8354,4102,9,1124,0
8355,4103,9,1528,0
8356,4103,11,820,0
8357,4103,0,1355,0
8358,4103,11,924,0
8359,4103,8,1461,0
8360,4104,8,1348,0
8361,4105,11,1305,0
8362,4106,4,894,0
8363,4106,1,1534,0
8364,4106,11,1141,0
8365,4106,2,1294,0
8366,4106,4,1206,0
8367,4106,4,1459,0
8368,4106,6,1193,0
8369,4106,11,1588,0
8370,4106,5,1552,0
8371,4107,10,886,0
8372,4107,0,938,0
8373,4107,5,1596,0
8374,4107,1,800,0
8375,4108,2,1288,0
8376,4108,12,1451,0
8377,4108,2,1580,0
8378,4108,12,1025,0
8379,4108,12,818,0
8380,4109,11,1396,0
8381,4109,9,1235,0
8382,4111,9,1365,0
8383,4111,12,1335,0
8384,4112,6,970,0
8385,4112,3,1251,0
8386,4113,4,1273,0
8387,4113,2,1318,0
8388,4113,6,1315,0
8389,4113,0,855,0
8390,4113,3,1279,0
8391,4113,5,1574,0
8392,4113,2,1310,0
8393,4114,6,852,0
8394,4114,13,896,0
8395,4114,4,844,0
8396,4114,9,1099,0
8397,4115,10,947,0
8398,4116,5,1070,0
8399,4117,2,1450,0
8400,4117,13,1107,0
8401,4117,13,1325,0
8402,4117,8,949,0
8403,4117,11,1583,0
8404,4117,5,1379,0
8405,4117,0,1309,0
8406,4118,3,893,0
8407,4118,1,1529,0
8408,4118,5,933,0
8409,4118,0,992,0
8410,4118,3,0,1
8411,4118,6,1273,0
8412,4118,8,1110,0
8413,4118,11,906,0
8414,4118,10,1312,0
8415,4119,13,1534,0
8416,4119,3,1030,0
8417,4119,7,1591,0
8418,4119,6,1084,0
8419,4119,6,1293,0
8420,4119,4,1434,0
8421,4119,13,852,0
8422,4119,2,1419,0
8423,4119,5,1338,0
8424,4120,10,974,0
8425,4120,10,826,0
8426,4120,11,1010,0
8427,4121,12,0,1
8428,4121,9,1429,0
8429,4121,10,1263,0
8430,4121,10,1183,0
8431,4121,8,1005,0
8432,4121,3,918,0
8433,4121,3,1178,0
8434,4121,7,806,0
8435,4121,5,957,0
8436,4122,4,1031,0
8437,4122,9,1343,0
8438,4122,10,1303,0
8439,4122,5,1085,0
8440,4122,3,969,0
8441,4122,4,915,0
8442,4123,3,913,0
8443,4123,6,1300,0
8444,4123,9,1124,0
8445,4123,6,1038,0
8446,4123,7,1301,0
8447,4123,4,1329,0
8448,4123,11,0,1
8449,4124,7,1105,0
8450,4124,4,1379,0
8451,4124,10,1193,0
8452,4124,3,873,0
8453,4124,2,1023,0
8454,4126,5,1290,0
8455,4129,3,1457,0
8456,4129,7,968,0
8457,4129,6,1558,0
8458,4131,6,1399,0
8459,4131,7,1242,0
8460,4131,9,1407,0
8461,4131,11,1316,0
8462,4131,12,1233,0
8463,4132,4,946,0
8464,4132,6,1221,0
8465,4132,1,1376,0
8466,4132,4,1545,0
8467,4133,3,1162,0
8468,4133,3,1441,0
8469,4133,5,965,0
8470,4133,13,1114,0
8471,4137,0,1204,0
8472,4137,6,1330,0
8473,4137,9,917,0
8474,4137,9,1173,0
8475,4137,13,1368,0
8476,4137,10,908,0
8477,4142,0,1466,0
8478,4142,2,1137,0
8479,4142,6,1029,0
8480,4143,0,1192,0
8481,4144,0,1070,0
8482,4144,4,1494,0
8483,4144,8,1201,0
8484,4145,12,1125,0
8485,4145,8,1036,0
8486,4146,8,926,0
8487,4146,3,996,0
8488,4146,12,1432,0
8489,4146,8,855,0
8490,4146,4,1528,0
8491,4146,7,1564,0
8492,4146,13,1305,0
8493,4147,6,1305,0
8494,4147,0,1547,0
8495,4147,11,859,0
8496,4147,4,1589,0
8497,4147,9,1493,0
8498,4148,0,938,0
8499,4148,9,922,0
8500,4148,9,1557,0
8501,4149,11,1352,0
8502,4149,8,857,0
8503,4150,3,1484,0
8504,4150,1,1332,0
8505,4150,2,958,0
8506,4150,1,884,0
8507,4151,6,1436,0
8508,4151,4,1423,0
8509,4151,8,885,0
8510,4152,6,981,0
8511,4152,8,1487,0
8512,4153,6,1407,0
8513,4154,5,1176,0
8514,4156,8,1571,0
8515,4157,5,1114,0
8516,4157,13,1388,0
8517,4160,11,956,0
8518,4160,3,1543,0
8519,4160,7,843,0
8520,4160,2,1372,0
8521,4161,5,1572,0
8522,4162,7,914,0
8523,4162,0,1464,0
8524,4163,13,1557,0
8525,4163,7,1022,0
8526,4163,11,950,0
8527,4164,4,1403,0
8528,4164,12,954,0
8529,4164,1,0,1
8530,4167,11,1502,0
8531,4167,13,811,0
8532,4168,7,900,0
8533,4168,8,1007,0
8534,4168,6,0,1
8535,4168,13,932,0
8536,4169,13,1055,0
8537,4169,1,1162,0
8538,4169,4,1000,0
8539,4171,3,1307,0
8540,4171,12,1543,0
8541,4172,2,953,0
8542,4172,12,1547,0
8543,4172,13,974,0
8544,4172,3,1063,0
8545,4172,8,1124,0
8546,4172,11,1024,0
8547,4172,8,1312,0
8548,4172,9,991,0
8549,4174,5,1031,0
8550,4175,2,1144,0
8551,4176,12,820,0
8552,4176,2,968,0
8553,4177,3,1075,0
8554,4177,9,1179,0
8555,4177,11,875,0
8556,4180,13,928,0
8557,4180,13,1427,0
8558,4180,13,1590,0
8559,4180,0,1348,0
8560,4180,12,843,0
8561,4180,12,1555,0
8562,4180,9,1144,0
8563,4181,7,1142,0
8564,4181,3,1204,0
8565,4182,2,1442,0
8566,4182,5,882,0
8567,4182,7,1183,0
8568,4182,5,1176,0
8569,4182,2,1500,0
8570,4182,6,1066,0
8571,4182,5,1462,0
8572,4182,9,1027,0
8573,4184,2,906,0
8574,4187,7,1361,0
8575,4187,0,1397,0
8576,4187,13,0,1
8577,4188,3,955,0
8578,4188,3,1590,0
8579,4188,0,1483,0
8580,4189,13,944,0
8581,4189,10,1247,0
8582,4190,7,1272,0
8583,4190,7,1197,0
8584,4190,11,0,1
8585,4190,4,1355,0
8586,4190,13,1039,0
8587,4190,3,1182,0
8588,4190,12,1163,0
8589,4190,7,903,0
8590,4190,10,882,0
8591,4191,13,1497,0
8592,4191,8,1441,0
8593,4194,4,803,0
8594,4195,13,1305,0
8595,4197,7,1035,0
8596,4197,0,1065,0
8597,4197,12,1377,0
8598,4197,3,1406,0
8599,4197,9,1496,0
8600,4197,11,1386,0
8601,4197,8,842,0
8602,4197,11,1350,0
8603,4197,3,891,0
8604,4198,5,941,0
8605,4198,10,941,0
8606,4198,13,1353,0
8607,4198,12,1120,0
8608,4198,1,836,0
8609,4198,8,943,0
8610,4198,8,897,0
8611,4199,8,978,0
8612,4200,9,815,0
8613,4201,6,812,0
8614,4201,13,940,0
8615,4201,9,1105,0
8616,4202,13,0,1
8617,4203,3,1183,0
8618,4204,10,1053,0
8619,4204,12,1158,0
8620,4204,12,1461,0
8621,4204,1,1448,0
8622,4204,12,1528,0
8623,4205,0,1421,0
8624,4205,12,1043,0
8625,4207,2,1035,0
8626,4207,11,823,0
8627,4207,2,1533,0
8628,4208,2,940,0
8629,4209,9,1210,0
8630,4209,4,1151,0
8631,4209,9,1449,0
8632,4209,5,1348,0
8633,4209,0,1078,0
8634,4210,1,828,0
8635,4210,12,823,0
8636,4210,4,1023,0
8637,4210,5,1364,0
8638,4211,5,1012,0
8639,4211,5,1526,0
8640,4211,1,0,1
8641,4213,2,1179,0
8642,4213,9,807,0
8643,4214,1,1180,0
8644,4214,2,1040,0
8645,4214,10,1386,0
8646,4215,10,1479,0
8647,4215,10,959,0
8648,4217,8,1533,0
8649,4217,10,1600,0
8650,4217,8,0,1
8651,4217,3,1043,0
8652,4217,4,829,0
8653,4217,6,973,0
8654,4218,10,0,1
8655,4218,5,916,0
8656,4220,4,856,0
8657,4221,1,1410,0
8658,4221,8,1125,0
8659,4221,5,1393,0
8660,4221,7,1549,0
8661,4223,3,918,0
8662,4223,10,939,0
8663,4223,5,1572,0
8664,4223,6,951,0
8665,4224,3,1304,0
8666,4224,12,1204,0
8667,4224,3,1182,0
8668,4225,6,1123,0
8669,4226,0,1389,0
8670,4226,11,1222,0
8671,4228,0,1586,0
8672,4228,5,954,0
8673,4229,8,1038,0
8674,4231,8,1169,0
8675,4231,1,1211,0
8676,4232,11,1240,0
8677,4232,7,1518,0
8678,4232,1,1039,0
8679,4232,4,1542,0
8680,4232,11,1439,0
8681,4232,6,1398,0
8682,4232,9,1052,0
8683,4235,8,1234,0
8684,4235,8,837,0
8685,4236,2,1102,0
8686,4236,2,1168,0
8687,4236,11,892,0
8688,4236,2,1465,0
8689,4237,6,1189,0
8690,4237,12,1382,0
8691,4237,10,1336,0
8692,4238,13,1577,0
8693,4238,5,950,0
8694,4238,5,1249,0
8695,4238,8,1472,0
8696,4240,1,1442,0
8697,4240,5,1282,0
8698,4241,8,999,0
8699,4241,3,956,0
8700,4241,4,1341,0
8701,4241,4,1149,0
8702,4242,0,1431,0
8703,4242,1,1033,0
8704,4243,13,1397,0
8705,4243,12,1329,0
8706,4244,5,965,0
8707,4244,3,1484,0
8708,4244,8,1367,0
8709,4244,1,1515,0
8710,4244,2,1255,0
8711,4244,12,1511,0
8712,4244,10,1338,0
8713,4244,1,880,0
8714,4245,13,1517,0
8715,4246,11,990,0
8716,4248,7,1499,0
8717,4249,12,1362,0
8718,4249,1,1292,0
8719,4249,13,1093,0
8720,4249,10,1310,0
8721,4250,7,1067,0
8722,4250,3,1154,0
8723,4250,5,1218,0
8724,4251,10,822,0
8725,4251,2,1134,0
8726,4251,6,1036,0
8727,4251,4,0,1
8728,4252,10,1078,0
8729,4253,3,1010,0
8730,4253,11,1140,0
8731,4253,5,1479,0
8732,4255,0,1200,0
8733,4255,4,1259,0
8734,4255,8,1309,0
8735,4255,3,1576,0
8736,4257,0,1518,0
8737,4257,10,1234,0
8738,4257,8,1331,0
8739,4258,4,927,0
8740,4258,8,1595,0
8741,4260,1,837,0
8742,4261,4,800,0
8743,4262,1,1080,0
8744,4262,1,1509,0
8745,4262,10,982,0
8746,4262,13,1575,0
8747,4263,7,941,0
8748,4264,10,970,0
8749,4266,13,818,0
8750,4267,13,824,0
8751,4267,1,1084,0
8752,4267,11,1541,0
8753,4267,6,1040,0
8754,4271,0,1154,0
8755,4271,5,1077,0
8756,4271,3,941,0
8757,4271,6,982,0
8758,4271,11,1135,0
8759,4271,4,1090,0
8760,4272,3,1116,0
8761,4272,1,892,0
8762,4272,12,1089,0
8763,4272,11,1325,0
8764,4273,8,1137,0
8765,4273,0,1483,0
8766,4275,12,1411,0
8767,4275,10,1102,0
8768,4275,2,1369,0
8769,4275,5,1508,0
8770,4275,0,1548,0
8771,4275,1,1407,0
8772,4276,2,1217,0
8773,4276,7,973,0
8774,4278,1,1151,0
8775,4278,11,1361,0
8776,4278,13,1157,0
8777,4278,4,903,0
8778,4278,11,1317,0
8779,4278,1,1050,0
8780,4279,7,1430,0
8781,4280,3,0,1
8782,4282,1,909,0
8783,4282,3,1067,0
8784,4282,13,0,1
8785,4283,0,805,0
8786,4283,0,1552,0
8787,4283,1,954,0
8788,4283,8,1547,0
8789,4283,7,1486,0
8790,4286,2,1355,0
8791,4286,7,1120,0
8792,4286,5,1554,0
8793,4287,9,1079,0
8794,4287,8,834,0
8795,4288,3,1040,0
8796,4288,10,1051,0
8797,4288,7,1565,0
8798,4288,8,1114,0
8799,4289,6,1144,0
8800,4289,4,1589,0
8801,4289,10,1363,0
8802,4291,6,1307,0
8803,4292,13,1152,0
8804,4294,7,1597,0
8805,4294,4,873,0
8806,4294,0,1096,0
8807,4294,2,1068,0
8808,4295,13,1442,0
8809,4295,8,832,0
8810,4295,1,1467,0
8811,4295,10,1407,0
8812,4296,10,1100,0
8813,4297,6,1137,0
8814,4297,6,917,0
8815,4297,11,1520,0
8816,4297,1,1277,0
8817,4298,13,1013,0
8818,4298,12,800,0
8819,4300,13,1018,0
8820,4300,10,1234,0
8821,4302,4,1290,0
8822,4302,4,810,0
8823,4302,10,1465,0
8824,4302,1,1210,0
8825,4302,3,1255,0
8826,4303,9,1081,0
8827,4303,1,1114,0
8828,4306,10,1358,0
8829,4307,3,834,0
8830,4307,9,1551,0
8831,4307,2,1209,0
8832,4309,6,1201,0
8833,4310,13,1441,0
8834,4310,4,1346,0
8835,4310,8,1189,0
8836,4311,0,983,0
8837,4311,4,1319,0
8838,4312,10,909,0
8839,4313,5,803,0
8840,4315,3,1045,0
8841,4316,5,1562,0
8842,4316,11,1228,0
8843,4316,1,1390,0
8844,4316,0,1459,0
8845,4316,9,1227,0
8846,4317,13,928,0
8847,4317,12,1023,0
8848,4318,1,1549,0
8849,4318,3,1159,0
8850,4318,12,1216,0
8851,4318,3,918,0
8852,4320,5,955,0
8853,4321,13,809,0
8854,4321,12,1192,0
8855,4322,9,1555,0
8856,4322,3,1363,0
8857,4322,8,1042,0
8858,4323,0,1060,0
8859,4323,1,1262,0
8860,4324,1,1391,0
8861,4324,10,953,0
8862,4324,6,1011,0
8863,4324,10,1152,0
8864,4325,11,1286,0
8865,4325,5,1443,0
8866,4325,13,1218,0
8867,4325,13,1473,0
8868,4325,2,1106,0
8869,4326,3,928,0
8870,4326,2,1384,0
8871,4326,1,1045,0
8872,4328,11,873,0
8873,4329,2,1465,0
8874,4330,1,1458,0
8875,4330,12,872,0
8876,4330,2,1264,0
8877,4331,1,1289,0
8878,4331,5,907,0
8879,4331,9,1367,0
8880,4331,5,1096,0
8881,4331,4,1269,0
8882,4334,13,0,1
8883,4334,4,0,1
8884,4334,11,1172,0
8885,4334,12,0,1
8886,4334,6,1320,0
8887,4334,1,1174,0
8888,4334,0,1424,0
8889,4335,11,895,0
8890,4335,9,882,0
8891,4337,11,956,0
8892,4337,9,1519,0
8893,4338,13,1056,0
8894,4339,2,1444,0
8895,4340,6,1590,0
8896,4340,5,1242,0
8897,4340,2,1572,0
8898,4341,6,878,0
8899,4342,6,1459,0
8900,4342,5,991,0
8901,4343,9,1368,0
8902,4343,13,1008,0
8903,4343,11,1436,0
8904,4345,6,1071,0
8905,4345,7,989,0
8906,4347,5,907,0
8907,4347,10,809,0
8908,4347,4,1001,0
8909,4347,5,1346,0
8910,4347,7,1309,0
8911,4347,5,1031,0
8912,4348,5,1541,0
8913,4348,10,845,0
8914,4348,1,0,1
8915,4349,13,1547,0
8916,4350,0,934,0
8917,4350,9,1391,0
8918,4350,0,1205,0
8919,4350,13,931,0
8920,4352,3,1450,0
8921,4352,10,934,0
8922,4353,12,1597,0
8923,4354,4,1427,0
8924,4354,6,1438,0
8925,4355,6,1257,0
8926,4357,0,1198,0
8927,4358,7,848,0
8928,4359,13,1242,0
8929,4360,0,1337,0
8930,4361,8,1561,0
8931,4361,2,1405,0
8932,4361,5,1253,0
8933,4361,4,1057,0
8934,4362,11,1329,0
8935,4362,3,806,0
8936,4362,8,880,0
8937,4362,5,0,1
8938,4362,1,1106,0
8939,4362,2,1180,0
8940,4362,10,1160,0
8941,4362,12,1311,0
8942,4363,2,1003,0
8943,4363,6,1563,0
8944,4364,10,1531,0
8945,4365,12,1393,0
8946,4365,1,803,0
8947,4365,7,1244,0
8948,4367,8,1376,0
8949,4367,2,1525,0
8950,4368,0,1023,0
8951,4370,6,1352,0
8952,4370,9,1139,0
8953,4372,5,1118,0
8954,4373,13,860,0
8955,4373,4,1278,0
8956,4374,3,1594,0
8957,4374,2,961,0
8958,4374,4,1186,0
8959,4374,1,1403,0
8960,4374,9,828,0
8961,4374,11,1587,0
8962,4374,0,993,0
8963,4374,3,1412,0
8964,4375,12,1150,0
8965,4375,10,1599,0
8966,4376,13,1183,0
8967,4376,4,1079,0
8968,4376,9,1205,0
8969,4377,0,1027,0
8970,4377,8,1345,0
8971,4377,12,1467,0
8972,4380,4,1376,0
8973,4380,2,1224,0
8974,4380,4,1108,0
8975,4380,13,1170,0
8976,4380,3,1007,0
8977,4380,4,1099,0
8978,4380,5,1573,0
8979,4382,6,1267,0
8980,4382,7,1189,0
8981,4382,2,1558,0
8982,4384,11,1132,0
8983,4384,9,1198,0
8984,4384,4,832,0
8985,4385,11,1496,0
8986,4385,12,1217,0
8987,4385,0,1576,0
8988,4386,11,917,0
8989,4386,8,1504,0
8990,4387,9,1499,0
8991,4388,4,989,0
8992,4388,4,1415,0
8993,4388,11,1538,0
8994,4389,3,839,0
8995,4389,7,1254,0
8996,4390,3,1378,0
8997,4390,0,1413,0
8998,4390,5,1293,0
8999,4390,12,1523,0
9000,4391,2,1213,0
9001,4391,1,1199,0
9002,4392,7,930,0
9003,4392,8,1334,0
9004,4392,7,860,0
9005,4392,7,1156,0
9006,4394,12,1092,0
9007,4394,11,1169,0
9008,4395,13,1113,0
9009,4395,2,1444,0
9010,4396,11,1181,0
9011,4396,4,1265,0
9012,4397,2,857,0
9013,4397,13,1047,0
9014,4399,4,817,0
9015,4399,5,1471,0
9016,4401,11,982,0
9017,4402,0,803,0
9018,4404,10,1406,0
9019,4404,13,1165,0
9020,4405,11,1417,0
9021,4405,11,914,0
9022,4406,11,1437,0
9023,4406,9,1541,0
9024,4406,8,806,0
9025,4406,0,1047,0
9026,4407,0,1359,0
9027,4407,2,1029,0
9028,4408,13,1124,0
9029,4409,11,1210,0
9030,4409,5,805,0
9031,4409,8,0,1
9032,4409,10,1504,0
9033,4410,5,1543,0
9034,4410,11,911,0
9035,4410,9,915,0
9036,4410,3,1336,0
9037,4410,11,1030,0
9038,4410,7,845,0
9039,4410,9,1574,0
9040,4410,12,1571,0
9041,4411,8,1500,0
9042,4411,2,1381,0
9043,4411,2,1086,0
9044,4411,13,1517,0
9045,4411,4,1165,0
9046,4413,8,1357,0
9047,4413,10,961,0
9048,4413,1,1234,0
9049,4413,6,962,0
9050,4414,8,1430,0
9051,4416,3,1090,0
9052,4416,1,1016,0
9053,4417,11,1250,0
9054,4418,10,892,0
9055,4418,12,1576,0
9056,4418,9,1463,0
9057,4418,8,990,0
9058,4420,11,1510,0
9059,4421,1,1442,0
9060,4421,11,1389,0
9061,4421,12,1160,0
9062,4422,9,1259,0
9063,4422,1,1571,0
9064,4423,12,1262,0
9065,4423,9,891,0
9066,4424,12,846,0
9067,4424,7,1224,0
9068,4424,10,1414,0
9069,4424,0,1416,0
9070,4425,1,0,1
9071,4426,4,1173,0
9072,4426,2,807,0
9073,4427,13,1531,0
9074,4428,7,0,1
9075,4428,2,802,0
9076,4428,3,1338,0
9077,4428,9,1108,0
9078,4428,3,1095,0
9079,4428,9,976,0
9080,4429,12,1001,0
9081,4429,5,1450,0
9082,4430,2,1476,0
9083,4430,13,992,0
9084,4430,8,1327,0
9085,4430,6,1021,0
9086,4431,8,885,0
9087,4432,8,846,0
9088,4432,12,1322,0
9089,4432,6,1496,0
9090,4432,6,975,0
9091,4432,7,1447,0
9092,4432,12,926,0
9093,4432,1,1174,0
9094,4435,9,815,0
9095,4435,13,889,0
9096,4435,6,1495,0
9097,4437,10,1009,0
9098,4437,5,1175,0
9099,4437,5,941,0
9100,4437,0,1335,0
9101,4438,2,835,0
9102,4439,10,1397,0
9103,4441,6,1512,0
9104,4442,8,1346,0
9105,4442,0,1276,0
9106,4443,1,1007,0
9107,4443,0,1277,0
9108,4443,5,1185,0
9109,4446,12,878,0
9110,4447,6,1520,0
9111,4448,9,1378,0
9112,4448,2,1352,0
9113,4448,2,1098,0
9114,4450,9,1406,0
9115,4450,1,1534,0
9116,4450,0,1050,0
9117,4451,11,1233,0
9118,4451,0,863,0
9119,4451,5,1339,0
9120,4451,1,864,0
9121,4452,4,884,0
9122,4453,8,876,0
9123,4453,12,1028,0
9124,4453,4,1202,0
9125,4453,6,1534,0
9126,4453,9,1444,0
9127,4453,4,1305,0
9128,4456,13,1187,0
9129,4456,3,1010,0
9130,4456,3,1183,0
9131,4458,13,1358,0
9132,4459,0,1385,0
9133,4460,12,803,0
9134,4460,9,0,1
9135,4460,1,1238,0
9136,4461,5,1199,0
9137,4461,2,1066,0
9138,4462,5,1183,0
9139,4463,10,976,0
9140,4463,10,1004,0
9141,4463,12,1251,0
9142,4463,3,1362,0
9143,4463,12,1568,0
9144,4463,6,1120,0
9145,4463,6,1280,0
9146,4464,6,1287,0
9147,4464,11,936,0
9148,4465,11,927,0
9149,4465,0,0,1
9150,4465,6,1156,0
9151,4465,13,1477,0
9152,4465,6,1036,0
9153,4465,6,1021,0
9154,4467,3,1564,0
9155,4467,4,1472,0
9156,4468,0,1099,0
9157,4468,9,1129,0
9158,4468,6,1547,0
9159,4468,11,954,0
9160,4468,13,1032,0
9161,4469,12,964,0
9162,4469,5,1491,0
9163,4469,7,914,0
9164,4470,8,1460,0
9165,4470,9,846,0
9166,4472,0,1253,0
9167,4473,4,1585,0
9168,4474,10,1235,0
9169,4474,8,901,0
9170,4474,4,1358,0
9171,4475,7,1162,0
9172,4475,12,1275,0
9173,4478,0,911,0
9174,4478,0,0,1
9175,4479,13,1542,0
9176,4479,11,1415,0
9177,4482,4,1563,0
9178,4482,10,1316,0
9179,4483,12,848,0
9180,4487,6,910,0
9181,4488,3,971,0
9182,4490,7,1112,0
9183,4490,1,954,0
9184,4490,8,1498,0
9185,4490,9,990,0
9186,4491,8,1232,0
9187,4491,1,1235,0
9188,4491,12,1350,0
9189,4491,7,1085,0
9190,4492,10,1062,0
9191,4492,4,1542,0
9192,4493,12,1198,0
9193,4493,8,1010,0
9194,4494,0,1091,0
9195,4495,11,1122,0
9196,4495,13,1016,0
9197,4495,13,1425,0
9198,4495,7,876,0
9199,4495,9,1078,0
9200,4495,10,1505,0
9201,4496,13,1442,0
9202,4496,13,1467,0
9203,4496,1,1414,0
9204,4496,7,912,0
9205,4500,0,1186,0
9206,4500,13,1452,0
9207,4502,4,1446,0
9208,4502,7,1171,0
9209,4502,2,824,0
9210,4503,2,1272,0
9211,4504,10,1537,0
9212,4504,7,1501,0
9213,4505,0,916,0
9214,4505,9,1496,0
9215,4506,6,1198,0
9216,4506,1,1031,0
9217,4506,6,838,0
9218,4508,3,856,0
9219,4508,5,985,0
9220,4510,7,1473,0
9221,4512,2,1042,0
9222,4514,1,924,0
9223,4516,8,862,0
9224,4516,0,1260,0
9225,4517,8,1167,0
9226,4519,2,1545,0
9227,4519,8,1464,0
9228,4519,0,854,0
9229,4519,8,1138,0
9230,4520,13,1386,0
9231,4520,1,1258,0
9232,4521,2,1406,0
9233,4521,5,1229,0
9234,4522,6,1591,0
9235,4524,0,850,0
9236,4524,4,1372,0
9237,4524,10,1493,0
9238,4524,1,985,0
9239,4524,13,862,0
9240,4526,11,1113,0
9241,4526,3,1573,0
9242,4526,8,873,0
9243,4527,2,984,0
9244,4527,8,1445,0
9245,4528,12,915,0
9246,4529,4,1595,0
9247,4529,10,0,1
9248,4529,7,1109,0
9249,4529,10,820,0
9250,4531,6,943,0
9251,4531,13,1462,0
9252,4531,1,975,0
9253,4531,12,894,0
9254,4531,0,863,0
9255,4532,0,890,0
9256,4532,8,976,0
9257,4532,11,1259,0
9258,4532,0,1548,0
9259,4532,3,1468,0
9260,4533,6,985,0
9261,4533,10,1021,0
9262,4533,9,0,1
9263,4533,10,1005,0
9264,4534,11,1165,0
9265,4534,6,1600,0
9266,4534,5,1226,0
9267,4536,8,1397,0
9268,4536,12,1342,0
9269,4537,6,985,0
9270,4537,0,1160,0
9271,4537,5,1493,0
9272,4539,2,1277,0
9273,4540,5,1021,0
9274,4540,1,1492,0
9275,4540,13,1270,0
9276,4540,1,1346,0
9277,4540,7,1018,0
9278,4540,12,1517,0
9279,4540,4,1155,0
9280,4541,8,1282,0
9281,4542,10,1178,0
9282,4542,5,1358,0
9283,4542,12,0,1
9284,4543,7,847,0
9285,4543,12,1337,0
9286,4544,12,833,0
9287,4544,9,1172,0
9288,4545,11,923,0
9289,4545,7,1036,0
9290,4545,5,1574,0
9291,4545,2,1055,0
9292,4545,1,894,0
9293,4546,0,1373,0
9294,4548,2,1287,0
9295,4549,5,1329,0
9296,4549,10,1076,0
9297,4549,9,1497,0
9298,4549,10,830,0
9299,4549,8,1081,0
9300,4549,8,1346,0
9301,4550,2,1348,0
9302,4551,13,923,0
9303,4551,9,1108,0
9304,4551,0,1479,0
9305,4551,10,0,1
9306,4552,8,1045,0
9307,4552,11,889,0
9308,4553,5,1589,0
9309,4553,6,824,0
9310,4554,4,1186,0
9311,4555,3,1067,0
9312,4555,2,1398,0
9313,4555,7,1015,0
9314,4555,2,1054,0
9315,4557,1,1280,0
9316,4557,9,1229,0
9317,4557,13,1509,0
9318,4558,9,1083,0
9319,4559,8,860,0
9320,4559,5,949,0
9321,4559,12,1079,0
9322,4559,3,1325,0
9323,4559,1,1032,0
9324,4559,9,897,0
9325,4560,0,1147,0
9326,4560,11,823,0
9327,4560,8,850,0
9328,4560,3,904,0
9329,4561,2,1594,0
9330,4561,10,0,1
9331,4561,13,1078,0
9332,4561,1,1077,0
9333,4561,9,882,0
9334,4562,3,1387,0
9335,4562,5,1335,0
9336,4562,10,800,0
9337,4564,1,1575,0
9338,4564,2,1379,0
9339,4564,13,1567,0
9340,4564,6,1242,0
9341,4568,12,0,1
9342,4568,12,1574,0
9343,4569,0,1084,0
9344,4570,8,1081,0
9345,4571,0,1114,0
9346,4572,6,1373,0
9347,4572,2,1552,0
9348,4572,4,803,0
9349,4572,6,1054,0
9350,4573,2,1038,0
9351,4574,4,1270,0
9352,4574,13,1427,0
9353,4575,7,1041,0
9354,4577,1,982,0
9355,4578,4,982,0
9356,4579,4,1118,0
9357,4579,6,987,0
9358,4581,5,1104,0
9359,4582,12,0,1
9360,4585,0,1407,0
9361,4585,5,916,0
9362,4588,4,832,0
9363,4588,1,984,0
9364,4588,5,1088,0
9365,4588,9,854,0
9366,4588,5,1243,0
9367,4588,2,1529,0
9368,4589,9,918,0
9369,4589,13,1137,0
9370,4590,0,1540,0
9371,4590,2,1597,0
9372,4591,1,1246,0
9373,4591,7,1368,0
9374,4592,9,854,0
9375,4592,6,1257,0
9376,4593,6,1283,0
9377,4593,7,1001,0
9378,4594,6,1494,0
9379,4594,13,971,0
9380,4594,4,1499,0
9381,4594,4,1329,0
9382,4595,9,1242,0
9383,4595,6,986,0
9384,4596,1,1140,0
9385,4596,8,840,0
9386,4597,12,1368,0
9387,4598,7,1126,0
9388,4599,11,1481,0
9389,4599,1,1312,0
9390,4599,10,0,1
9391,4599,0,1549,0
9392,4599,10,1227,0
9393,4599,1,1377,0
9394,4601,11,1530,0
9395,4603,9,1387,0
9396,4603,2,1382,0
9397,4603,9,1525,0
9398,4603,10,1423,0
9399,4604,8,1133,0
9400,4605,8,1416,0
9401,4606,9,1552,0
9402,4606,5,1457,0
9403,4606,12,1231,0
9404,4606,7,1102,0
9405,4607,3,1520,0
9406,4610,9,1036,0
9407,4611,7,868,0
9408,4612,0,1139,0
9409,4612,11,910,0
9410,4613,2,1471,0
9411,4613,3,0,1
9412,4613,12,1131,0
9413,4613,13,863,0
9414,4613,3,1308,0
9415,4616,1,1508,0
9416,4616,8,1393,0
9417,4617,6,899,0
9418,4617,9,941,0
9419,4617,0,1289,0
9420,4617,1,1579,0
9421,4617,13,1500,0
9422,4618,8,1307,0
9423,4618,9,1259,0
9424,4618,10,1118,0
9425,4618,11,855,0
9426,4618,5,1009,0
9427,4619,12,1547,0
9428,4619,2,1227,0
9429,4619,8,0,1
9430,4621,11,967,0
9431,4621,2,923,0
9432,4621,12,1499,0
9433,4621,12,856,0
9434,4621,1,1227,0
9435,4623,13,1107,0
9436,4623,2,856,0
9437,4624,8,1147,0
9438,4624,10,1073,0
9439,4624,8,1287,0
9440,4625,4,917,0
9441,4625,6,1268,0
9442,4625,11,1199,0
9443,4625,11,805,0
9444,4625,6,1014,0
9445,4625,10,1371,0
9446,4627,11,1102,0
9447,4627,3,1342,0
9448,4629,8,1389,0
9449,4629,9,998,0
9450,4629,12,1304,0
9451,4629,4,1337,0
9452,4629,6,1000,0
9453,4629,13,1267,0
9454,4629,6,1006,0
9455,4629,13,1015,0
9456,4631,10,1029,0
9457,4631,9,1315,0
9458,4631,0,1128,0
9459,4633,7,1053,0
9460,4633,6,0,1
9461,4633,4,1554,0
9462,4633,8,1463,0
9463,4634,5,1454,0
9464,4636,8,1140,0
9465,4637,2,998,0
9466,4637,5,936,0
9467,4637,4,1425,0
9468,4637,0,1556,0
9469,4637,1,1320,0
9470,4638,5,1194,0
9471,4638,4,1373,0
9472,4638,0,1277,0
9473,4638,13,1364,0
9474,4638,7,821,0
9475,4639,5,1345,0
9476,4639,5,937,0
9477,4640,6,1496,0
9478,4640,7,1578,0
9479,4641,6,848,0
9480,4642,4,850,0
9481,4643,13,1187,0
9482,4644,12,866,0
9483,4645,7,920,0
9484,4645,11,803,0
9485,4646,7,1400,0
9486,4647,7,1105,0
9487,4648,10,846,0
9488,4649,0,934,0
9489,4649,0,1299,0
9490,4650,3,1048,0
9491,4650,10,837,0
9492,4653,5,1594,0
9493,4653,1,874,0
9494,4653,1,1592,0
9495,4653,1,1567,0
9496,4653,0,1318,0
9497,4653,8,841,0
9498,4653,13,1564,0
9499,4654,13,1008,0
9500,4654,6,1215,0
9501,4654,2,1247,0
9502,4654,2,811,0
9503,4656,10,1222,0
9504,4656,1,1422,0
9505,4656,12,1255,0
9506,4657,6,1319,0
9507,4657,9,902,0
9508,4658,11,0,1
9509,4658,7,1063,0
9510,4658,5,1020,0
9511,4658,2,1556,0
9512,4658,5,1573,0
9513,4658,12,1236,0
9514,4658,7,1527,0
9515,4659,9,954,0
9516,4661,10,1257,0
9517,4662,1,994,0
9518,4662,9,1507,0
9519,4662,10,1557,0
9520,4663,12,1422,0
9521,4663,7,1361,0
9522,4663,11,871,0
9523,4663,12,831,0
9524,4664,4,1100,0
9525,4664,8,1117,0
9526,4665,12,1258,0
9527,4665,0,1081,0
9528,4665,0,1203,0
9529,4665,9,980,0
9530,4665,0,1403,0
9531,4665,12,1346,0
9532,4668,3,1160,0
9533,4668,5,1266,0
9534,4669,9,1273,0
9535,4669,7,1035,0
9536,4670,12,965,0
9537,4670,7,1222,0
9538,4671,0,961,0
9539,4671,0,1023,0
9540,4671,11,1572,0
9541,4672,12,902,0
9542,4673,2,1216,0
9543,4673,1,833,0
9544,4674,12,1452,0
9545,4675,3,1032,0
9546,4675,3,1126,0
9547,4675,3,813,0
9548,4675,0,830,0
9549,4676,8,1066,0
9550,4678,1,1112,0
9551,4678,3,927,0
9552,4678,7,1070,0
9553,4679,11,1152,0
9554,4683,6,1006,0
9555,4683,9,1510,0
9556,4683,3,971,0
9557,4683,0,1084,0
9558,4684,11,1147,0
9559,4684,6,1070,0
9560,4684,0,1224,0
9561,4684,1,1115,0
9562,4684,8,1527,0
9563,4684,5,1274,0
9564,4685,13,1033,0
9565,4685,2,1006,0
9566,4685,5,1408,0
9567,4686,12,1159,0
9568,4686,3,1597,0
9569,4687,5,956,0
9570,4687,1,0,1
9571,4687,1,891,0
9572,4687,2,1585,0
9573,4688,6,1502,0
9574,4688,11,947,0
9575,4688,4,1231,0
9576,4688,3,1089,0
9577,4688,2,1596,0
9578,4689,9,1355,0
9579,4689,7,1040,0
9580,4691,4,955,0
9581,4693,10,1383,0
9582,4694,2,0,1
9583,4694,13,1195,0
9584,4695,2,1407,0
9585,4696,1,1407,0
9586,4696,11,1267,0
9587,4696,9,1399,0
9588,4699,3,1590,0
9589,4700,2,978,0
9590,4700,13,0,1
9591,4700,2,1062,0
9592,4701,9,800,0
9593,4701,6,1303,0
9594,4701,8,1200,0
9595,4701,12,1396,0
9596,4701,5,869,0
9597,4701,2,1030,0
9598,4701,11,1471,0
9599,4701,3,1312,0
9600,4701,11,1188,0
9601,4701,8,805,0
9602,4701,8,1076,0
9603,4702,6,942,0
9604,4702,7,1558,0
9605,4702,0,1457,0
9606,4702,4,1509,0
9607,4702,9,972,0
9608,4702,8,1291,0
9609,4703,9,1121,0
9610,4703,4,843,0
9611,4703,7,944,0
9612,4703,6,900,0
9613,4703,5,1179,0
9614,4704,9,848,0
9615,4704,3,1579,0
9616,4704,4,1434,0
9617,4704,3,883,0
9618,4705,8,0,1
9619,4706,0,1177,0
9620,4707,3,1177,0
9621,4707,1,840,0
9622,4708,6,1366,0
9623,4708,3,1399,0
9624,4709,8,824,0
9625,4709,2,1033,0
9626,4709,5,1347,0
9627,4709,1,919,0
9628,4709,1,1599,0
9629,4709,11,1308,0
9630,4710,5,1357,0
9631,4710,1,826,0
9632,4710,10,827,0
9633,4711,7,1357,0
9634,4712,7,1418,0
9635,4712,5,1480,0
9636,4712,0,1358,0
9637,4712,7,1347,0
9638,4712,10,1009,0
9639,4712,5,1209,0
9640,4712,1,1163,0
9641,4713,6,1565,0
9642,4713,10,1392,0
9643,4713,2,0,1
9644,4715,1,1416,0
9645,4716,8,1332,0
9646,4716,11,1043,0
9647,4716,4,1260,0
9648,4716,8,1203,0
9649,4716,11,875,0
9650,4716,6,987,0
9651,4717,0,1452,0
9652,4718,9,1032,0
9653,4718,2,1173,0
9654,4718,6,846,0
9655,4719,9,875,0
9656,4719,8,1179,0
9657,4720,2,896,0
9658,4720,5,1085,0
9659,4721,5,1008,0
9660,4721,2,1174,0
9661,4722,12,1343,0
9662,4722,9,1326,0
9663,4725,4,813,0
9664,4726,11,833,0
9665,4727,1,1426,0
9666,4727,3,0,1
9667,4727,4,1451,0
9668,4728,0,1595,0
9669,4728,2,930,0
9670,4729,2,1480,0
9671,4729,6,1140,0
9672,4730,5,881,0
9673,4731,9,1258,0
9674,4731,12,860,0
9675,4731,0,1226,0
9676,4733,0,1224,0
9677,4733,6,946,0
9678,4733,4,1005,0
9679,4734,9,1206,0
9680,4735,3,1349,0
9681,4735,7,999,0
9682,4735,6,1395,0
9683,4736,7,1104,0
9684,4736,8,1079,0
9685,4736,6,1402,0
9686,4736,10,1502,0
9687,4736,13,1380,0
9688,4738,2,833,0
9689,4738,10,1498,0
9690,4738,3,1062,0
9691,4739,2,1520,0
9692,4740,10,1023,0
9693,4740,8,1220,0
9694,4740,1,814,0
9695,4740,11,1230,0
9696,4741,11,1304,0
9697,4743,13,1461,0
9698,4744,8,910,0
9699,4744,8,933,0
9700,4746,4,1093,0
9701,4746,8,995,0
9702,4746,5,927,0
9703,4746,10,827,0
9704,4746,7,1462,0
9705,4746,7,979,0
9706,4747,13,1194,0
9707,4747,12,0,1
9708,4747,1,987,0
9709,4747,7,887,0
9710,4747,0,1106,0
9711,4747,12,1589,0
9712,4747,13,1192,0
9713,4748,0,1214,0
9714,4749,8,857,0
9715,4750,0,1383,0
9716,4751,10,1290,0
9717,4751,12,832,0
9718,4751,7,1228,0
9719,4752,2,1183,0
9720,4752,10,840,0
9721,4753,12,1210,0
9722,4753,9,1536,0
9723,4753,11,1006,0
9724,4755,6,1229,0
9725,4755,3,1372,0
9726,4755,6,1306,0
9727,4755,9,1559,0
9728,4756,11,1400,0
9729,4757,11,961,0
9730,4757,7,1315,0
9731,4757,10,0,1
9732,4757,3,1300,0
9733,4758,11,983,0
9734,4758,8,1455,0
9735,4758,0,873,0
9736,4759,8,1325,0
9737,4759,0,1311,0
9738,4760,6,1440,0
9739,4760,9,1537,0
9740,4760,3,1091,0
9741,4762,3,1539,0
9742,4762,6,1375,0
9743,4763,2,946,0
9744,4763,8,870,0
9745,4763,11,1424,0
9746,4765,4,815,0
9747,4765,7,1326,0
9748,4765,13,1469,0
9749,4766,1,0,1
9750,4766,8,1560,0
9751,4766,4,1001,0
9752,4766,12,867,0
9753,4768,12,1351,0
9754,4768,4,1229,0
9755,4771,2,878,0
9756,4771,6,1176,0
9757,4771,3,1107,0
9758,4771,8,1331,0
9759,4771,4,1087,0
9760,4771,10,992,0
9761,4771,9,925,0
9762,4772,11,1216,0
9763,4772,9,1384,0
9764,4774,2,1335,0
9765,4774,4,895,0
9766,4774,8,1200,0
9767,4775,10,1229,0
9768,4775,5,929,0
9769,4775,7,985,0
9770,4776,4,900,0
9771,4776,13,1556,0
9772,4777,2,1084,0
9773,4779,4,1442,0
9774,4782,11,1562,0
9775,4782,13,1380,0
9776,4782,4,1136,0
9777,4784,1,1288,0
9778,4784,8,1583,0
9779,4784,7,1211,0
9780,4785,2,1525,0
9781,4786,5,1152,0
9782,4787,0,1268,0
9783,4787,3,1266,0
9784,4788,10,1188,0
9785,4789,7,856,0
9786,4789,9,972,0
9787,4790,8,1258,0
9788,4790,0,860,0
9789,4790,7,1470,0
9790,4790,10,1307,0
9791,4790,13,1355,0
9792,4790,9,1482,0
9793,4790,9,1121,0
9794,4790,3,1059,0
9795,4790,8,1157,0
9796,4790,6,1297,0
9797,4790,8,1345,0
9798,4790,7,936,0
9799,4790,10,940,0
9800,4792,7,1188,0
9801,4793,5,1072,0
9802,4793,13,803,0
9803,4793,4,813,0
9804,4794,6,1307,0
9805,4794,6,908,0
9806,4794,7,921,0
9807,4796,9,981,0
9808,4796,10,1046,0
9809,4796,7,1472,0
9810,4796,0,1404,0
9811,4797,3,1447,0
9812,4797,5,1336,0
9813,4797,1,1283,0
9814,4797,7,1081,0
9815,4798,5,893,0
9816,4798,2,915,0
9817,4798,5,800,0
9818,4799,3,1521,0
9819,4800,10,1296,0
9820,4802,13,1007,0
9821,4802,5,1277,0
9822,4802,10,1484,0
9823,4802,5,964,0
9824,4803,6,942,0
9825,4803,12,1284,0
9826,4803,12,1316,0
9827,4804,11,1537,0
9828,4804,2,1450,0
9829,4804,0,0,1
9830,4805,2,923,0
9831,4805,4,1399,0
9832,4805,4,1188,0
9833,4806,12,1438,0
9834,4806,5,1455,0
9835,4807,12,1308,0
9836,4808,1,851,0
9837,4809,12,976,0
9838,4809,13,1362,0
9839,4810,0,917,0
9840,4810,5,1453,0
9841,4810,4,932,0
9842,4811,7,1454,0
9843,4811,13,1305,0
9844,4812,3,892,0
9845,4813,6,1089,0
9846,4813,0,1221,0
9847,4815,3,832,0
9848,4815,8,1162,0
9849,4816,3,955,0
9850,4816,6,0,1
9851,4816,2,1497,0
9852,4817,10,1201,0
9853,4817,8,843,0
9854,4817,13,928,0
9855,4817,5,1185,0
9856,4820,6,1544,0
9857,4820,7,1104,0
9858,4821,1,868,0
9859,4822,3,883,0
9860,4822,8,1481,0
9861,4822,12,1062,0
9862,4822,8,1525,0
9863,4825,2,1224,0
9864,4825,4,1471,0
9865,4825,9,1136,0
9866,4825,2,1541,0
9867,4826,4,1600,0
9868,4826,13,1034,0
9869,4826,0,1072,0
9870,4828,6,1440,0
9871,4829,1,997,0
9872,4829,3,1433,0
9873,4829,5,999,0
9874,4830,2,1514,0
9875,4831,11,1256,0
9876,4832,7,1250,0
9877,4832,0,1511,0
9878,4833,13,1242,0
9879,4833,13,1092,0
9880,4834,8,1110,0
9881,4835,5,805,0
9882,4836,3,841,0
9883,4836,6,811,0
9884,4836,9,1428,0
9885,4836,3,1365,0
9886,4836,7,813,0
9887,4836,4,1157,0
9888,4836,12,1039,0
9889,4837,7,1503,0
9890,4837,11,1052,0
9891,4837,12,1084,0
9892,4837,8,1181,0
9893,4837,13,1469,0
9894,4837,7,1043,0
9895,4837,12,1594,0
9896,4837,7,0,1
9897,4837,9,1576,0
9898,4838,7,1520,0
9899,4838,4,1280,0
9900,4838,2,0,1
9901,4839,3,1585,0
9902,4839,8,1421,0
9903,4839,10,1448,0
9904,4839,0,0,1
9905,4839,8,1296,0
9906,4839,10,1235,0
9907,4840,11,1144,0
9908,4840,13,1220,0
9909,4840,1,1310,0
9910,4841,7,1562,0
9911,4842,0,1038,0
9912,4843,8,1448,0
9913,4843,4,1030,0
9914,4843,6,1235,0
9915,4844,13,1482,0
9916,4845,2,1539,0
9917,4845,0,1409,0
9918,4847,9,1243,0
9919,4848,2,1203,0
9920,4849,6,822,0
9921,4849,6,1074,0
9922,4850,0,1391,0
9923,4850,2,1429,0
9924,4850,7,954,0
9925,4850,6,1063,0
9926,4850,6,1481,0
9927,4852,5,844,0
9928,4852,4,1119,0
9929,4852,8,923,0
9930,4853,0,1423,0
9931,4853,1,1288,0
9932,4854,10,1560,0
9933,4855,10,801,0
9934,4855,3,921,0
9935,4855,0,1260,0
9936,4855,13,1083,0
9937,4855,0,1564,0
9938,4856,11,1588,0
9939,4857,6,1081,0
9940,4857,7,1205,0
9941,4857,10,1098,0
9942,4859,11,1486,0
9943,4860,13,1357,0
9944,4860,3,1133,0
9945,4860,0,1348,0
9946,4862,5,1495,0
9947,4862,2,963,0
9948,4864,10,1045,0
9949,4864,1,1337,0
9950,4864,8,1501,0
9951,4865,2,1568,0
9952,4865,1,1372,0
9953,4865,7,1438,0
9954,4865,6,1296,0
9955,4865,10,992,0
9956,4866,10,1464,0
9957,4866,12,1161,0
9958,4866,6,1516,0
9959,4867,0,0,1
9960,4867,7,1466,0
9961,4868,6,1216,0
9962,4868,6,837,0
9963,4869,4,829,0
9964,4869,6,975,0
9965,4870,0,1212,0
9966,4870,12,1534,0
9967,4870,6,1360,0
9968,4871,9,1262,0
9969,4871,1,1276,0
9970,4872,4,1230,0
9971,4872,6,1489,0
9972,4874,1,815,0
9973,4874,0,1250,0
9974,4874,0,1129,0
9975,4874,5,1211,0
9976,4874,0,1079,0
9977,4874,4,824,0
9978,4874,1,877,0
9979,4874,1,942,0
9980,4874,5,0,1
9981,4874,6,834,0
9982,4875,0,835,0
9983,4876,5,994,0
9984,4876,4,1414,0
9985,4876,9,1032,0
9986,4877,6,1473,0
9987,4877,3,1148,0
9988,4877,10,877,0
9989,4877,3,950,0
9990,4878,5,1454,0
9991,4878,0,803,0
9992,4878,0,1325,0
9993,4878,6,1450,0
9994,4879,0,850,0
9995,4879,0,828,0
9996,4879,11,1059,0
9997,4880,7,929,0
9998,4882,0,1205,0
9999,4882,12,1008,0
10000,4883,10,1067,0
10001,4888,10,1196,0
10002,4888,8,1388,0
10003,4888,6,1095,0
10004,4888,11,1265,0
10005,4888,3,1132,0
10006,4889,2,1365,0
10007,4890,2,1134,0
10008,4891,12,1439,0
10009,4891,13,1144,0
10010,4892,0,1078,0
10011,4892,10,1452,0
10012,4893,6,1534,0
10013,4893,13,1516,0
10014,4894,7,1030,0
10015,4895,10,1004,0
10016,4895,0,1197,0
10017,4896,1,1262,0
10018,4896,6,1015,0
10019,4896,13,1128,0
10020,4896,13,1401,0
10021,4896,9,1030,0
10022,4897,6,862,0
10023,4897,1,1560,0
10024,4898,2,964,0
10025,4898,6,860,0
10026,4898,0,1498,0
10027,4899,9,980,0
10028,4901,12,1344,0
10029,4901,4,843,0
10030,4901,3,956,0
10031,4901,12,1220,0
10032,4902,13,930,0
10033,4902,2,1557,0
10034,4902,8,964,0
10035,4903,1,1544,0
10036,4904,9,951,0
10037,4904,4,954,0
10038,4904,2,1180,0
10039,4904,7,1589,0
10040,4904,11,976,0
10041,4908,4,1248,0
10042,4909,13,1549,0
10043,4910,8,1289,0
10044,4911,10,858,0
10045,4911,0,1358,0
10046,4911,4,821,0
10047,4911,9,970,0
10048,4912,8,1210,0
10049,4912,4,824,0
10050,4912,0,985,0
10051,4912,7,0,1
10052,4912,3,1383,0
10053,4915,13,1506,0
10054,4915,8,803,0
10055,4915,2,1489,0
10056,4916,0,1362,0
10057,4917,7,1200,0
10058,4917,12,964,0
10059,4917,13,1372,0
10060,4917,13,1095,0
10061,4917,11,826,0
10062,4921,3,887,0
10063,4922,7,873,0
10064,4922,7,1136,0
10065,4922,3,855,0
10066,4923,7,1039,0
10067,4923,2,1562,0
10068,4923,6,1065,0
10069,4925,7,1416,0
10070,4926,9,1170,0
10071,4926,8,1560,0
10072,4926,9,1299,0
10073,4929,12,1172,0
10074,4929,3,887,0
10075,4929,6,1430,0
10076,4930,0,0,1
10077,4930,10,978,0
10078,4931,3,1338,0
10079,4931,5,1240,0
10080,4931,9,0,1
10081,4931,3,881,0
10082,4932,0,1253,0
10083,4932,10,1304,0
10084,4932,1,898,0
10085,4933,0,908,0
10086,4934,12,1168,0
10087,4934,12,1427,0
10088,4934,3,843,0
10089,4934,12,1116,0
10090,4935,9,1291,0
10091,4935,12,1053,0
10092,4935,7,813,0
10093,4935,9,1151,0
10094,4936,2,1518,0
10095,4938,11,1375,0
10096,4938,9,897,0
10097,4940,8,1597,0
10098,4940,2,1227,0
10099,4940,4,1167,0
10100,4940,10,1571,0
10101,4940,7,1478,0
10102,4940,8,887,0
10103,4940,1,997,0
10104,4940,2,1258,0
10105,4940,7,907,0
10106,4940,1,1121,0
10107,4941,0,980,0
10108,4941,2,1511,0
10109,4942,3,1178,0
10110,4942,9,1530,0
10111,4942,0,1471,0
10112,4942,5,1032,0
10113,4943,0,1060,0
10114,4944,8,1259,0
10115,4944,8,924,0
10116,4944,4,1315,0
10117,4945,13,1315,0
10118,4945,4,899,0
10119,4946,13,1083,0
10120,4946,5,892,0
10121,4946,11,998,0
10122,4946,12,1057,0
10123,4947,4,0,1
10124,4947,11,1213,0
10125,4947,3,1164,0
10126,4947,10,1019,0
10127,4948,13,1423,0
10128,4948,4,1431,0
10129,4949,2,910,0
10130,4949,5,1438,0
10131,4949,0,1230,0
10132,4949,1,952,0
10133,4949,11,1056,0
10134,4951,6,879,0
10135,4953,9,950,0
10136,4953,8,1173,0
10137,4954,11,1083,0
10138,4954,13,850,0
10139,4955,8,984,0
10140,4957,9,1504,0
10141,4957,9,1218,0
10142,4957,0,1577,0
10143,4957,11,1180,0
10144,4958,10,1186,0
10145,4958,9,1464,0
10146,4958,1,1379,0
10147,4958,10,1207,0
10148,4958,9,1518,0
10149,4959,5,904,0
10150,4959,6,1069,0
10151,4959,3,1550,0
10152,4959,6,901,0
10153,4959,1,1292,0
10154,4959,10,921,0
10155,4959,7,1233,0
10156,4961,9,1319,0
10157,4961,8,901,0
10158,4961,7,1154,0
10159,4961,12,932,0
10160,4961,9,1224,0
10161,4961,10,1279,0
10162,4963,11,1474,0
10163,4965,6,1126,0
10164,4965,9,1529,0
10165,4965,6,1196,0
10166,4965,10,882,0
10167,4965,6,832,0
10168,4965,8,1087,0
10169,4965,7,1241,0
10170,4967,4,1025,0
10171,4968,5,1125,0
10172,4968,1,916,0
10173,4968,3,1413,0
10174,4968,2,1425,0
10175,4968,1,892,0
10176,4968,2,1077,0
10177,4968,4,812,0
10178,4968,3,0,1
10179,4968,5,1057,0
10180,4969,6,1573,0
10181,4969,13,1562,0
10182,4970,6,1599,0
10183,4970,0,943,0
10184,4970,6,1520,0
10185,4970,12,954,0
10186,4970,10,825,0
10187,4970,0,0,1
10188,4970,12,810,0
10189,4970,6,966,0
10190,4970,4,1398,0
10191,4970,3,1137,0
10192,4970,6,1291,0
10193,4970,4,1399,0
10194,4971,7,899,0
10195,4972,5,1219,0
10196,4972,13,1340,0
10197,4972,8,1086,0
10198,4975,8,1444,0
10199,4975,4,935,0
10200,4975,10,1256,0
10201,4975,12,1085,0
10202,4976,10,948,0
10203,4976,9,1001,0
10204,4977,2,1482,0
10205,4977,1,1376,0
10206,4978,12,1064,0
10207,4978,12,1152,0
10208,4978,8,1083,0
10209,4978,13,0,1
10210,4978,10,1072,0
10211,4979,2,1491,0
10212,4980,3,918,0
10213,4980,13,1098,0
10214,4980,6,1164,0
10215,4980,8,1284,0
10216,4980,10,1113,0
10217,4981,9,1578,0
10218,4982,9,1246,0
10219,4983,12,1552,0
10220,4983,1,1399,0
10221,4984,8,0,1
10222,4984,3,1000,0
10223,4985,2,1234,0
10224,4985,0,966,0
10225,4985,6,0,1
10226,4985,13,1446,0
10227,4986,11,1281,0
10228,4986,11,1180,0
10229,4986,1,866,0
10230,4987,8,866,0
10231,4987,9,890,0
10232,4987,4,1078,0
10233,4988,0,914,0
10234,4988,2,1318,0
10235,4988,8,1092,0
10236,4989,0,1187,0
10237,4990,1,932,0
10238,4992,12,974,0
10239,4994,4,892,0
10240,4994,6,1321,0
10241,4994,6,1287,0
10242,4996,3,1291,0
10243,4997,0,1401,0
10244,4998,13,1230,0
10245,4998,5,1413,0
10246,4999,6,1123,0
10247,4999,11,1047,0
10248,5000,6,1299,0
10249,5000,7,1009,0
10250,5000,12,1255,0
10251,5001,10,1479,0
10252,5001,5,1526,0
10253,5004,8,892,0
10254,5004,8,966,0
10255,5004,12,1301,0
10256,5004,2,948,0
10257,5004,8,1221,0
10258,5004,13,870,0
10259,5004,3,1093,0
10260,5004,6,1435,0
10261,5004,12,1594,0
10262,5004,10,1409,0
10263,5006,2,1356,0
10264,5006,6,1012,0
10265,5007,1,1322,0
10266,5008,13,1121,0
10267,5011,11,1078,0
10268,5011,3,860,0
10269,5011,7,1057,0
10270,5012,0,1579,0
10271,5013,5,1584,0
10272,5013,5,1552,0
10273,5013,3,1536,0
10274,5013,9,1054,0
10275,5014,10,1285,0
10276,5014,2,1106,0
10277,5014,7,1227,0
10278,5014,7,1348,0
10279,5016,1,1433,0
10280,5017,11,846,0
10281,5018,7,1104,0
10282,5018,13,1564,0
10283,5018,4,1470,0
10284,5018,7,1227,0
10285,5018,1,1095,0
10286,5018,3,907,0
10287,5019,11,1387,0
10288,5019,7,1394,0
10289,5019,9,1567,0
10290,5019,8,1240,0
10291,5019,8,855,0
10292,5019,12,1134,0
10293,5019,5,996,0
10294,5019,3,1331,0
10295,5020,2,1035,0
10296,5020,4,979,0
10297,5020,1,1337,0
10298,5021,2,897,0
10299,5023,9,1287,0
10300,5023,9,954,0
10301,5024,3,1017,0
10302,5024,6,1472,0
10303,5024,7,1572,0
10304,5025,13,1027,0
10305,5025,9,933,0
10306,5025,11,888,0
10307,5026,6,1502,0
10308,5026,5,1040,0
10309,5027,12,1288,0
10310,5028,5,1593,0
10311,5028,8,1084,0
10312,5029,3,1520,0
10313,5030,2,1128,0
10314,5030,2,1235,0
10315,5031,7,1347,0
10316,5031,5,1137,0
10317,5031,1,1517,0
10318,5031,13,861,0
10319,5031,4,946,0
10320,5032,4,0,1
10321,5033,9,948,0
10322,5034,0,1599,0
10323,5034,11,1150,0
10324,5034,12,1239,0
10325,5038,4,1534,0
10326,5038,12,899,0
10327,5038,5,1311,0
10328,5039,13,934,0
10329,5039,8,1202,0
10330,5040,3,828,0
10331,5040,1,1087,0
10332,5040,13,1157,0
10333,5040,9,1131,0
10334,5041,6,1253,0
10335,5041,0,1357,0
10336,5042,2,0,1
10337,5042,6,818,0
10338,5043,4,1282,0
10339,5043,3,1268,0
10340,5045,6,942,0
10341,5045,5,1369,0
10342,5045,1,1420,0
10343,5045,9,1023,0
10344,5045,1,844,0
10345,5045,2,1420,0
10346,5045,11,1530,0
10347,5046,3,1119,0
10348,5046,9,1328,0
10349,5046,13,1476,0
10350,5046,11,877,0
10351,5046,3,1251,0
10352,5047,5,1475,0
10353,5047,8,1567,0
10354,5048,4,1408,0
10355,5048,10,1579,0
10356,5048,8,1065,0
10357,5049,3,1061,0
10358,5049,2,1213,0
10359,5051,13,934,0
10360,5053,10,983,0
10361,5054,6,888,0
10362,5054,10,1293,0
10363,5055,3,960,0
10364,5055,9,1149,0
10365,5055,10,1050,0
10366,5055,13,1232,0
10367,5055,13,813,0
10368,5055,13,943,0
10369,5056,6,1429,0
10370,5056,8,1277,0
10371,5056,13,1404,0
10372,5057,11,1514,0
10373,5057,0,1268,0
10374,5057,6,918,0
10375,5057,9,1480,0
10376,5057,4,902,0
10377,5057,3,1386,0
10378,5057,5,1111,0
10379,5058,4,1590,0
10380,5059,10,816,0
10381,5060,10,1202,0
10382,5060,2,1194,0
10383,5060,1,1306,0
10384,5060,3,938,0
10385,5060,8,1357,0
10386,5061,10,932,0
10387,5062,1,1066,0
10388,5062,11,1393,0
10389,5063,8,1186,0
10390,5063,11,1581,0
10391,5063,10,1480,0
10392,5064,1,1220,0
10393,5064,13,925,0
10394,5064,6,973,0
10395,5064,7,1411,0
10396,5064,10,994,0
10397,5064,7,1277,0
10398,5064,13,1176,0
10399,5064,6,899,0
10400,5068,2,1081,0
10401,5068,9,857,0
10402,5070,13,878,0
10403,5072,8,931,0
10404,5072,4,1337,0
10405,5072,2,1482,0
10406,5072,1,1563,0
10407,5072,12,871,0
10408,5072,2,878,0
10409,5073,12,0,1
10410,5075,8,1553,0
10411,5075,0,1096,0
10412,5075,6,1487,0
10413,5075,11,971,0
10414,5075,2,1391,0
10415,5075,9,1223,0
10416,5075,7,1288,0
10417,5077,0,1366,0
10418,5077,6,1008,0
10419,5077,2,816,0
10420,5082,3,1300,0
10421,5083,4,1051,0
10422,5083,1,0,1
10423,5084,10,1172,0
10424,5084,5,1391,0
10425,5084,2,0,1
10426,5084,0,1043,0
10427,5085,6,1193,0
10428,5085,7,1591,0
10429,5085,2,0,1
10430,5085,7,1259,0
10431,5085,10,1268,0
10432,5085,4,942,0
10433,5085,8,963,0
10434,5086,11,1558,0
10435,5087,8,1101,0
10436,5087,3,1505,0
10437,5088,6,868,0
10438,5088,12,1321,0
10439,5088,3,1410,0
10440,5088,8,1083,0
10441,5088,5,862,0
10442,5089,2,1125,0
10443,5090,12,1422,0
10444,5090,3,888,0
10445,5091,7,860,0
10446,5092,11,1030,0
10447,5092,10,899,0
10448,5093,0,1506,0
10449,5093,4,0,1
10450,5094,13,933,0
10451,5094,0,885,0
10452,5094,12,1184,0
10453,5094,3,1286,0
10454,5095,4,1252,0
10455,5095,7,1323,0
10456,5095,8,1109,0
10457,5095,2,1103,0
10458,5096,1,1166,0
10459,5096,10,1051,0
10460,5096,10,1053,0
10461,5096,11,1580,0
10462,5096,12,1324,0
10463,5097,7,1324,0
10464,5097,11,807,0
10465,5097,0,1410,0
10466,5098,12,1352,0
10467,5098,7,1436,0
10468,5099,12,1467,0
10469,5099,0,1072,0
10470,5099,6,1036,0
10471,5099,11,1562,0
10472,5099,13,894,0
10473,5099,11,1448,0
10474,5099,12,972,0
10475,5100,4,1220,0
10476,5104,8,1023,0
10477,5104,5,1017,0
10478,5104,8,1270,0
10479,5104,4,1161,0
10480,5105,5,1503,0
10481,5105,3,956,0
10482,5105,1,1169,0
10483,5106,0,1048,0
10484,5106,13,1344,0
10485,5106,6,944,0
10486,5106,6,1153,0
10487,5107,1,0,1
10488,5107,2,1249,0
10489,5108,13,896,0
10490,5109,2,1136,0
10491,5109,4,1359,0
10492,5109,1,1007,0
10493,5111,1,957,0
10494,5113,4,918,0
10495,5114,9,1339,0
10496,5114,12,1405,0
10497,5114,7,1102,0
10498,5114,3,1258,0
10499,5114,6,1337,0
10500,5114,12,1273,0
10501,5114,7,887,0
10502,5116,8,1569,0
10503,5116,1,1360,0
10504,5116,12,1336,0
10505,5117,12,1586,0
10506,5117,2,939,0
10507,5118,7,970,0
10508,5118,13,873,0
10509,5120,0,1153,0
10510,5120,3,1240,0
10511,5121,9,1162,0
10512,5121,12,1081,0
10513,5121,5,1399,0
10514,5121,1,1019,0
10515,5121,1,1317,0
10516,5121,11,1447,0
10517,5121,0,845,0
10518,5122,10,1301,0
10519,5123,13,1190,0
10520,5123,7,878,0
10521,5123,8,1294,0
10522,5125,1,1037,0
10523,5125,2,871,0
10524,5125,5,1272,0
10525,5125,4,1144,0
10526,5126,7,1125,0
10527,5126,8,830,0
10528,5126,8,961,0
10529,5126,0,869,0
10530,5127,12,1238,0
10531,5127,6,1542,0
10532,5128,12,0,1
10533,5129,1,1355,0
10534,5129,0,1394,0
10535,5129,8,1166,0
10536,5130,12,1446,0
10537,5131,5,1211,0
10538,5132,12,1478,0
10539,5132,12,837,0
10540,5134,11,835,0
10541,5134,5,0,1
10542,5134,6,1242,0
10543,5135,11,1480,0
10544,5136,3,815,0
10545,5136,8,882,0
10546,5137,7,1047,0
10547,5137,13,1091,0
10548,5137,0,0,1
10549,5137,12,874,0
10550,5138,12,948,0
10551,5138,12,962,0
10552,5138,8,1545,0
10553,5138,0,1459,0
10554,5139,0,942,0
10555,5139,4,1133,0
10556,5143,7,1239,0
10557,5143,3,1236,0
10558,5143,0,0,1
10559,5143,9,1488,0
10560,5144,4,1242,0
10561,5145,8,1425,0
10562,5145,5,1136,0
10563,5147,11,1392,0
10564,5148,6,848,0
10565,5148,12,1307,0
10566,5148,6,922,0
10567,5148,4,1095,0
10568,5149,4,991,0
10569,5151,13,1212,0
10570,5151,4,1415,0
10571,5151,2,1394,0
10572,5151,8,1052,0
10573,5151,2,908,0
10574,5153,2,879,0
10575,5154,10,1552,0
10576,5154,7,1359,0
10577,5154,13,990,0
10578,5154,3,1127,0
10579,5154,4,1459,0
10580,5154,0,1316,0
10581,5154,4,1376,0
10582,5154,4,1316,0
10583,5154,10,1370,0
10584,5155,11,1169,0
10585,5156,5,1122,0
10586,5156,13,1595,0
10587,5156,2,1474,0
10588,5156,2,1216,0
10589,5157,12,1392,0
10590,5157,4,0,1
10591,5158,7,1171,0
10592,5158,2,1046,0
10593,5160,12,1293,0
10594,5160,9,1277,0
10595,5163,5,1418,0
10596,5163,6,974,0
10597,5163,6,1084,0
10598,5164,3,1067,0
10599,5164,7,1507,0
10600,5164,11,1480,0
10601,5164,9,1149,0
10602,5166,7,1039,0
10603,5166,1,902,0
10604,5166,5,1303,0
10605,5167,12,1368,0
10606,5167,8,1402,0
10607,5167,11,1514,0
10608,5167,11,1153,0
10609,5167,7,1490,0
10610,5167,11,1395,0
10611,5167,3,1045,0
10612,5168,13,1226,0
10613,5169,11,1187,0
10614,5169,13,915,0
10615,5169,1,1227,0
10616,5169,2,1113,0
10617,5171,2,1458,0
10618,5172,3,859,0
10619,5172,2,1146,0
10620,5174,5,1167,0
10621,5174,1,1507,0
10622,5174,0,1335,0
10623,5174,10,987,0
10624,5175,0,1468,0
10625,5175,5,1103,0
10626,5175,5,1239,0
10627,5175,5,1524,0
10628,5175,10,933,0
10629,5175,0,0,1
10630,5176,8,1439,0
10631,5176,2,1291,0
10632,5177,4,1069,0
10633,5177,2,896,0
10634,5177,9,986,0
10635,5178,6,1029,0
10636,5186,10,1352,0
10637,5187,0,869,0
10638,5187,9,945,0
10639,5187,8,1133,0
10640,5187,2,899,0
10641,5187,2,1553,0
10642,5188,10,1100,0
10643,5188,10,1418,0
10644,5188,7,1469,0
10645,5188,1,962,0
10646,5189,10,1316,0
10647,5190,11,850,0
10648,5191,6,1088,0
10649,5191,10,1320,0
10650,5192,13,1027,0
10651,5192,4,1389,0
10652,5192,5,1206,0
10653,5192,7,970,0
10654,5193,3,1309,0
10655,5193,10,1199,0
10656,5194,8,1379,0
10657,5194,8,1159,0
10658,5195,13,1475,0
10659,5195,6,0,1
10660,5196,2,1341,0
10661,5197,1,1314,0
10662,5197,11,1178,0
10663,5197,1,1001,0
10664,5197,1,1379,0
10665,5197,5,1516,0
10666,5197,9,1424,0
10667,5197,11,930,0
10668,5197,10,1325,0
10669,5198,5,986,0
10670,5202,9,1024,0
10671,5203,3,844,0
10672,5204,10,895,0
10673,5204,11,835,0
10674,5204,5,922,0
10675,5204,7,1099,0
10676,5204,0,0,1
10677,5205,2,1008,0
10678,5205,13,827,0
10679,5207,13,1325,0
10680,5208,11,881,0
10681,5208,12,1535,0
10682,5208,10,866,0
10683,5209,6,0,1
10684,5210,9,1272,0
10685,5210,9,1369,0
10686,5210,8,1455,0
10687,5211,10,1231,0
10688,5212,4,1019,0
10689,5212,3,1421,0
10690,5212,0,1123,0
10691,5213,1,1378,0
10692,5213,2,931,0
10693,5215,12,1512,0
10694,5217,10,1127,0
10695,5217,6,1221,0
10696,5217,13,1519,0
10697,5219,3,1582,0
10698,5219,0,863,0
10699,5219,11,1536,0
10700,5219,8,1170,0
10701,5219,12,1091,0
10702,5221,3,1331,0
10703,5222,8,1019,0
10704,5223,4,1268,0
10705,5223,7,881,0
10706,5223,11,1233,0
10707,5223,3,1091,0
10708,5225,6,997,0
10709,5225,5,1056,0
10710,5225,8,829,0
10711,5225,9,1048,0
10712,5225,0,1461,0
10713,5226,3,852,0
10714,5226,6,1365,0
10715,5226,3,1281,0
10716,5226,6,1387,0
10717,5226,4,974,0
10718,5226,13,1006,0
10719,5226,13,1126,0
10720,5227,8,930,0
10721,5227,12,1292,0
10722,5227,11,849,0
10723,5227,11,1577,0
10724,5228,12,865,0
10725,5228,5,1232,0
10726,5229,1,1392,0
10727,5229,0,1072,0
10728,5229,13,1105,0
10729,5229,13,1387,0
10730,5229,8,1085,0
10731,5229,8,1100,0
10732,5229,12,1461,0
10733,5229,1,1387,0
10734,5232,11,1109,0
10735,5232,1,1415,0
10736,5232,4,1453,0
10737,5232,3,867,0
10738,5232,7,1583,0
10739,5232,8,976,0
10740,5232,3,943,0
10741,5232,3,959,0
10742,5232,10,1121,0
10743,5232,0,1181,0
10744,5233,5,1003,0
10745,5233,2,936,0
10746,5233,9,1485,0
10747,5234,10,1579,0
10748,5234,10,1480,0
10749,5235,9,1366,0
10750,5235,2,884,0
10751,5236,6,1586,0
10752,5238,3,1395,0
10753,5238,3,1495,0
10754,5239,5,899,0
10755,5239,8,1263,0
10756,5240,6,1243,0
10757,5240,13,1500,0
10758,5243,8,1491,0
10759,5246,5,937,0
10760,5246,7,1377,0
10761,5246,7,0,1
10762,5246,1,1187,0
10763,5247,1,1126,0
10764,5247,9,1403,0
10765,5248,8,1071,0
10766,5248,11,961,0
10767,5250,3,0,1
10768,5250,0,908,0
10769,5250,10,1558,0
10770,5250,2,1559,0
10771,5252,6,832,0
10772,5252,8,966,0
10773,5254,8,1434,0
10774,5254,8,1041,0
10775,5254,3,835,0
10776,5254,0,1339,0
10777,5254,6,881,0
10778,5254,11,1333,0
10779,5256,3,1045,0
10780,5256,1,1268,0
10781,5257,11,1465,0
10782,5258,6,898,0
10783,5259,2,1331,0
10784,5259,3,826,0
10785,5260,8,0,1
10786,5260,8,1025,0
10787,5260,5,830,0
10788,5260,5,1444,0
10789,5260,6,1483,0
10790,5260,0,805,0
10791,5263,11,1249,0
10792,5264,9,1227,0
10793,5266,2,1068,0
10794,5266,9,866,0
10795,5266,8,1473,0
10796,5266,13,1128,0
10797,5266,10,1519,0
10798,5266,5,1102,0
10799,5266,6,865,0
10800,5266,8,1288,0
10801,5267,8,942,0
10802,5267,1,964,0
10803,5267,12,1085,0
10804,5267,7,906,0
10805,5272,6,1399,0
10806,5272,0,1067,0
10807,5275,3,1211,0
10808,5276,8,1167,0
10809,5276,10,976,0
10810,5276,7,1009,0
10811,5276,12,1375,0
10812,5276,13,1444,0
10813,5276,0,1023,0
10814,5276,11,1470,0
10815,5277,0,916,0
10816,5277,1,1100,0
10817,5278,10,1068,0
10818,5280,10,1199,0
10819,5282,9,1409,0
10820,5283,8,828,0
10821,5284,9,0,1
10822,5284,13,1582,0
10823,5284,4,1078,0
10824,5285,1,1588,0
10825,5286,4,1539,0
10826,5286,6,1106,0
10827,5286,11,979,0
10828,5288,11,1150,0
10829,5289,3,1189,0
10830,5289,12,1243,0
10831,5289,6,893,0
10832,5289,12,1375,0
10833,5289,7,808,0
10834,5291,1,962,0
10835,5291,9,1364,0
10836,5291,4,1310,0
10837,5292,0,1515,0
10838,5292,12,1096,0
10839,5292,12,1215,0
10840,5292,5,1391,0
10841,5293,5,1326,0
10842,5293,13,1329,0
10843,5294,5,1469,0
10844,5294,4,1510,0
10845,5295,3,873,0
10846,5295,12,1284,0
10847,5296,12,1538,0
10848,5297,12,1553,0
10849,5297,2,1163,0
10850,5297,8,866,0
10851,5299,1,1020,0
10852,5299,9,956,0
10853,5301,10,1485,0
10854,5302,10,1576,0
10855,5302,7,1416,0
10856,5302,3,1457,0
10857,5302,8,836,0
10858,5302,0,1239,0
10859,5302,12,869,0
10860,5302,7,1187,0
10861,5302,4,1461,0
10862,5305,4,1012,0
10863,5305,9,1442,0
10864,5305,6,1189,0
10865,5305,8,1111,0
10866,5305,9,1227,0
10867,5306,11,1488,0
10868,5306,8,1429,0
10869,5307,8,1195,0
10870,5307,7,1575,0
10871,5308,0,1055,0
10872,5309,4,819,0
10873,5309,3,987,0
10874,5309,10,888,0
10875,5311,1,1376,0
10876,5311,0,1143,0
10877,5312,1,1591,0
10878,5312,3,1036,0
10879,5312,8,1256,0
10880,5312,12,1074,0
10881,5313,10,1545,0
10882,5314,10,1290,0
10883,5315,5,1382,0
10884,5315,9,1493,0
10885,5315,10,1205,0
10886,5315,4,1439,0
10887,5315,4,1427,0
10888,5316,11,1525,0
10889,5316,13,1316,0
10890,5316,12,1472,0
10891,5316,11,808,0
10892,5317,0,807,0
10893,5317,12,916,0
10894,5317,3,926,0
10895,5318,3,876,0
10896,5318,10,1452,0
10897,5318,6,1075,0
10898,5319,3,1415,0
10899,5319,5,911,0
10900,5319,5,960,0
10901,5320,6,0,1
10902,5320,0,1048,0
10903,5320,7,1341,0
10904,5323,3,1173,0
10905,5323,10,1127,0
10906,5324,2,1595,0
10907,5325,7,1589,0
10908,5325,10,1249,0
10909,5325,0,1362,0
10910,5325,5,1293,0
10911,5325,6,1473,0
10912,5326,10,836,0
10913,5327,6,839,0
10914,5327,2,1074,0
10915,5327,12,1049,0
10916,5330,12,1025,0
10917,5330,12,980,0
10918,5331,13,802,0
10919,5331,8,974,0
10920,5331,10,1494,0
10921,5331,3,1493,0
10922,5331,10,1489,0
10923,5332,3,1332,0
10924,5332,13,1116,0
10925,5333,5,1441,0
10926,5334,6,975,0
10927,5335,11,1374,0
10928,5336,6,1336,0
10929,5336,9,1128,0
10930,5336,4,1388,0
10931,5336,4,860,0
10932,5336,1,816,0
10933,5337,5,0,1
10934,5338,3,1363,0
10935,5341,1,1116,0
10936,5341,4,1092,0
10937,5341,1,908,0
10938,5341,7,1209,0
10939,5341,10,1338,0
10940,5341,9,1068,0
10941,5341,13,1267,0
10942,5342,0,968,0
10943,5343,2,1138,0
10944,5343,13,1429,0
10945,5343,13,1422,0
10946,5343,9,934,0
10947,5343,5,1481,0
10948,5343,0,958,0
10949,5344,3,1058,0
10950,5344,11,1541,0
10951,5344,5,1358,0
10952,5344,12,0,1
10953,5344,1,0,1
10954,5346,7,1042,0
10955,5348,1,1292,0
10956,5349,0,816,0
10957,5349,11,1071,0
10958,5349,5,1312,0
10959,5349,12,1529,0
10960,5350,10,1111,0
10961,5350,1,1333,0
10962,5352,2,837,0
10963,5352,9,1176,0
10964,5352,7,0,1
10965,5352,5,999,0
10966,5352,0,968,0
10967,5352,6,1063,0
10968,5353,8,1054,0
10969,5353,0,0,1
10970,5354,12,1131,0
10971,5354,8,954,0
10972,5355,7,1249,0
10973,5356,1,0,1
10974,5356,9,1250,0
10975,5356,9,1405,0
10976,5357,0,0,1
10977,5357,11,916,0
10978,5358,3,820,0
10979,5358,12,1188,0
10980,5359,11,976,0
10981,5359,2,979,0
10982,5359,11,1224,0
10983,5361,6,865,0
10984,5361,0,856,0
10985,5361,1,1338,0
10986,5364,6,1068,0
10987,5364,13,1084,0
10988,5364,6,838,0
10989,5365,7,1027,0
10990,5365,2,1390,0
10991,5367,3,1157,0
10992,5367,9,1216,0
10993,5368,2,891,0
10994,5368,4,1065,0
10995,5371,3,0,1
10996,5371,13,1331,0
10997,5372,11,991,0
10998,5374,12,903,0
10999,5374,2,1240,0
11000,5374,5,802,0
11001,5374,6,1077,0
11002,5374,7,962,0
11003,5374,3,1459,0
11004,5374,2,1151,0
11005,5374,3,1362,0
11006,5374,12,1029,0
11007,5375,8,1211,0
11008,5375,13,1453,0
11009,5375,1,1240,0
11010,5375,10,1093,0
11011,5376,13,1366,0
11012,5376,11,964,0
11013,5377,12,1254,0
11014,5379,13,987,0
11015,5379,11,1133,0
11016,5379,1,1138,0
11017,5379,9,980,0
11018,5379,11,1075,0
11019,5379,2,1241,0
11020,5380,5,0,1
11021,5381,11,948,0
11022,5383,13,1579,0
11023,5383,8,901,0
11024,5384,0,1489,0
11025,5385,2,1353,0
11026,5385,11,0,1
11027,5386,10,857,0
11028,5386,12,1396,0
11029,5387,4,1098,0
11030,5387,11,1412,0
11031,5389,12,861,0
11032,5390,5,1324,0
11033,5392,12,1438,0
11034,5392,4,1042,0
11035,5394,5,1157,0
11036,5395,9,1495,0
11037,5395,3,1107,0
11038,5395,7,923,0
11039,5395,8,999,0
11040,5395,8,0,1
11041,5395,0,917,0
11042,5395,5,993,0
11043,5398,5,1451,0
11044,5398,6,1464,0
11045,5399,6,1446,0
11046,5400,1,831,0
11047,5400,3,1437,0
11048,5400,12,836,0
11049,5401,9,1209,0
11050,5401,10,1437,0
11051,5401,8,1306,0
11052,5402,10,1459,0
11053,5402,2,829,0
11054,5402,6,1447,0
11055,5402,0,1398,0
11056,5402,9,1409,0
11057,5403,11,1583,0
11058,5403,8,820,0
11059,5403,11,1436,0
11060,5403,12,1470,0
11061,5403,11,1319,0
11062,5404,9,1138,0
11063,5404,9,827,0
11064,5405,6,1238,0
11065,5407,9,1183,0
11066,5407,5,1132,0
11067,5408,4,1598,0
11068,5409,2,1433,0
11069,5409,3,0,1
11070,5409,12,1160,0
11071,5410,13,891,0
11072,5410,3,1452,0
11073,5412,6,865,0
11074,5412,7,1180,0
11075,5412,3,1024,0
11076,5412,0,885,0
11077,5413,0,944,0
11078,5413,10,1017,0
11079,5413,5,1249,0
11080,5414,10,1310,0
11081,5415,2,1489,0
11082,5415,11,1156,0
11083,5417,9,1444,0
11084,5417,6,1403,0
11085,5417,6,1126,0
11086,5417,8,1592,0
11087,5418,3,1034,0
11088,5418,0,1446,0
11089,5418,6,1346,0
11090,5418,13,849,0
11091,5418,0,885,0
11092,5419,1,1253,0
11093,5420,8,801,0
11094,5420,7,0,1
11095,5421,0,1393,0
11096,5421,0,1455,0
11097,5421,5,960,0
11098,5421,13,1114,0
11099,5421,0,940,0
11100,5421,3,1122,0
11101,5423,13,1057,0
11102,5423,0,1225,0
11103,5423,13,870,0
11104,5424,12,1190,0
11105,5425,5,1474,0
11106,5425,8,1494,0
11107,5425,8,1346,0
11108,5425,2,958,0
11109,5425,5,0,1
11110,5426,6,1529,0
11111,5427,2,1342,0
11112,5427,13,1279,0
11113,5427,12,1405,0
11114,5427,11,1178,0
11115,5427,9,1224,0
11116,5427,13,989,0
11117,5427,10,1196,0
11118,5427,5,1565,0
11119,5427,5,1434,0
11120,5428,3,1217,0
11121,5428,2,1421,0
11122,5429,9,958,0
11123,5429,8,888,0
11124,5429,13,1465,0
11125,5430,3,1248,0
11126,5430,12,905,0
11127,5430,10,1332,0
11128,5431,7,1060,0
11129,5431,6,1545,0
11130,5431,2,1071,0
11131,5431,12,1537,0
11132,5432,10,1535,0
11133,5432,3,1556,0
11134,5432,13,944,0
11135,5433,13,1368,0
11136,5434,8,1197,0
11137,5435,12,835,0
11138,5435,9,1532,0
11139,5440,11,1216,0
11140,5440,0,1190,0
11141,5440,6,875,0
11142,5441,2,1193,0
11143,5442,12,1200,0
11144,5442,13,0,1
11145,5442,8,1144,0
11146,5442,10,1234,0
11147,5442,6,951,0
11148,5442,12,1071,0
11149,5442,5,1431,0
11150,5442,1,1495,0
11151,5442,1,1223,0
11152,5442,11,956,0
11153,5442,3,1332,0
11154,5443,4,935,0
11155,5445,7,930,0
11156,5445,3,971,0
11157,5448,4,1260,0
11158,5448,13,1586,0
11159,5449,11,1030,0
11160,5449,4,1479,0
11161,5449,2,1244,0
11162,5450,5,1306,0
11163,5450,9,1054,0
11164,5452,5,1550,0
11165,5452,13,882,0
11166,5452,0,1554,0
11167,5453,3,1223,0
11168,5453,11,1087,0
11169,5454,3,986,0
11170,5454,13,880,0
11171,5456,2,1183,0
11172,5457,0,1188,0
11173,5458,9,827,0
11174,5458,3,1148,0
11175,5458,4,885,0
11176,5459,5,1003,0
11177,5460,6,1527,0
11178,5461,7,1299,0
11179,5461,0,936,0
11180,5462,12,1190,0
11181,5462,3,1479,0
11182,5462,7,1182,0
11183,5463,13,842,0
11184,5463,12,1320,0
11185,5463,8,1029,0
11186,5464,0,1509,0
11187,5465,13,821,0
11188,5465,12,1563,0
11189,5466,7,1420,0
11190,5466,10,1591,0
11191,5467,10,870,0
11192,5469,8,839,0
11193,5470,8,1038,0
11194,5471,11,1269,0
11195,5473,6,836,0
11196,5473,2,1312,0
11197,5474,13,1121,0
11198,5474,0,1034,0
11199,5474,4,1017,0
11200,5475,12,1181,0
11201,5477,4,1446,0
11202,5478,6,1535,0
11203,5479,6,1117,0
11204,5480,6,979,0
11205,5481,11,955,0
11206,5482,10,1267,0
11207,5484,10,1464,0
11208,5484,5,1471,0
11209,5484,0,1368,0
11210,5487,2,1349,0
11211,5489,5,993,0
11212,5489,10,1049,0
11213,5489,5,0,1
11214,5490,7,1404,0
11215,5490,12,1109,0
11216,5490,5,1558,0
11217,5490,13,848,0
11218,5490,7,1043,0
11219,5491,13,1247,0
11220,5491,8,1210,0
11221,5491,7,1187,0
11222,5492,13,989,0
11223,5492,10,947,0
11224,5492,11,922,0
11225,5493,3,804,0
11226,5493,11,1246,0
11227,5494,3,1585,0
11228,5494,2,1498,0
11229,5494,11,944,0
11230,5494,3,1296,0
11231,5494,11,1244,0
11232,5495,11,1002,0
11233,5495,11,1396,0
11234,5495,1,1530,0
11235,5496,3,1430,0
11236,5496,0,1160,0
11237,5497,0,909,0
11238,5497,2,1097,0
11239,5497,6,803,0
11240,5497,8,1137,0
11241,5498,4,1462,0
11242,5498,3,1443,0
11243,5499,8,0,1
11244,5499,4,975,0
11245,5499,7,0,1
11246,5500,1,1292,0
11247,5500,4,1368,0
11248,5500,0,1011,0
11249,5500,7,1200,0
11250,5500,3,878,0
11251,5500,1,1032,0
11252,5500,3,1100,0
11253,5500,9,1081,0
11254,5501,10,914,0
11255,5501,12,865,0
11256,5502,13,1091,0
11257,5502,7,1407,0
11258,5502,0,1501,0
11259,5502,12,0,1
11260,5502,8,1542,0
11261,5503,5,0,1
11262,5503,8,0,1
11263,5503,9,0,1
11264,5503,0,1499,0
11265,5504,4,0,1
11266,5504,2,1372,0
11267,5504,9,1075,0
11268,5504,10,1325,0
11269,5505,11,1151,0
11270,5506,9,1096,0
11271,5506,7,1360,0
11272,5506,12,1104,0
11273,5506,2,1389,0
11274,5506,7,1520,0
11275,5506,13,856,0
11276,5509,11,1492,0
11277,5509,10,836,0
11278,5509,6,0,1
11279,5509,13,1411,0
11280,5509,13,1534,0
11281,5511,9,959,0
11282,5511,10,1535,0
11283,5511,4,1043,0
11284,5511,11,979,0
11285,5512,3,1059,0
11286,5512,3,947,0
11287,5514,10,980,0
11288,5514,3,1439,0
11289,5515,1,1113,0
11290,5515,2,884,0
11291,5515,12,847,0
11292,5516,8,1444,0
11293,5516,1,1310,0
11294,5517,9,1328,0
11295,5520,6,1599,0
11296,5520,2,1582,0
11297,5520,7,1595,0
11298,5520,9,1079,0
11299,5520,12,1248,0
11300,5521,6,839,0
11301,5521,7,1052,0
11302,5521,9,1205,0
11303,5521,11,1358,0
11304,5522,0,0,1
11305,5523,2,1494,0
11306,5523,2,1569,0
11307,5523,1,994,0
11308,5523,10,1551,0
11309,5524,7,1489,0
11310,5526,12,1306,0
11311,5526,7,0,1
11312,5526,9,1443,0
11313,5526,13,1463,0
11314,5528,3,929,0
11315,5528,1,1190,0
11316,5528,7,810,0
11317,5528,6,836,0
11318,5529,9,965,0
11319,5529,2,850,0
11320,5529,5,823,0
11321,5529,3,1110,0
11322,5529,13,1439,0
11323,5529,3,1432,0
11324,5529,4,1485,0
11325,5530,1,966,0
11326,5530,7,1129,0
11327,5530,12,950,0
11328,5531,13,1177,0
11329,5531,5,1388,0
11330,5532,7,1457,0
11331,5532,12,0,1
11332,5534,6,1591,0
11333,5534,4,1440,0
11334,5534,8,966,0
11335,5535,11,931,0
11336,5535,7,818,0
11337,5536,2,1531,0
11338,5536,11,1143,0
11339,5536,5,1273,0
11340,5536,12,883,0
11341,5536,6,1109,0
11342,5536,10,1312,0
11343,5537,8,1190,0
11344,5537,2,1169,0
11345,5537,8,825,0
11346,5537,8,1177,0
11347,5537,0,1071,0
11348,5537,9,980,0
11349,5537,0,1436,0
11350,5537,0,1244,0
11351,5539,2,1045,0
11352,5539,13,840,0
11353,5539,9,1013,0
11354,5539,9,1157,0
11355,5539,6,1499,0
11356,5539,0,1432,0
11357,5540,1,866,0
11358,5540,11,1044,0
11359,5540,0,1426,0
11360,5541,10,1504,0
11361,5542,12,1531,0
11362,5544,0,907,0
11363,5544,7,881,0
11364,5545,3,935,0
11365,5546,6,979,0
11366,5546,0,1521,0
11367,5546,8,1021,0
11368,5546,11,1309,0
11369,5546,2,1347,0
11370,5549,6,1573,0
11371,5550,6,830,0
11372,5550,12,0,1
11373,5550,10,1228,0
11374,5551,7,1410,0
11375,5551,1,876,0
11376,5551,6,843,0
11377,5551,1,998,0
11378,5552,11,1048,0
11379,5552,7,1306,0
11380,5553,9,922,0
11381,5554,9,997,0
11382,5556,6,1339,0
11383,5557,12,1158,0
11384,5559,8,1397,0
11385,5559,4,828,0
11386,5559,10,0,1
11387,5560,4,1473,0
11388,5560,6,1446,0
11389,5560,7,837,0
11390,5560,11,1068,0
11391,5561,3,1175,0
11392,5562,3,1412,0
11393,5563,1,1366,0
11394,5564,9,1385,0
11395,5564,6,883,0
11396,5564,7,1206,0
11397,5564,13,941,0
11398,5564,6,1107,0
11399,5566,13,1237,0
11400,5566,9,1486,0
11401,5568,4,1163,0
11402,5568,0,992,0
11403,5568,2,1219,0
11404,5569,11,1137,0
11405,5570,12,1027,0
11406,5570,3,1268,0
11407,5570,2,862,0
11408,5570,3,1146,0
11409,5570,4,1031,0
11410,5571,8,1393,0
11411,5571,2,1058,0
11412,5571,3,1152,0
11413,5571,4,985,0
11414,5572,13,1431,0
11415,5572,1,1179,0
11416,5572,7,1026,0
11417,5572,7,807,0
11418,5572,1,884,0
11419,5572,10,1506,0
11420,5574,10,1594,0
11421,5574,6,1194,0
11422,5574,3,1143,0
11423,5575,4,1292,0
11424,5575,6,1348,0
11425,5575,3,1334,0
11426,5575,13,1058,0
11427,5575,3,1567,0
11428,5575,1,1382,0
11429,5575,13,1393,0
11430,5576,10,1156,0
11431,5576,10,1079,0
11432,5576,2,1291,0
11433,5576,13,942,0
11434,5580,5,1172,0
11435,5581,10,989,0
11436,5581,5,819,0
11437,5584,4,1079,0
11438,5584,8,880,0
11439,5584,1,1568,0
11440,5584,1,1058,0
11441,5585,9,930,0
11442,5585,8,1420,0
11443,5586,12,1266,0
11444,5586,2,802,0
11445,5587,7,960,0
11446,5587,9,1104,0
11447,5588,10,1162,0
11448,5588,5,1179,0
11449,5589,5,0,1
11450,5589,13,908,0
11451,5589,8,1036,0
11452,5591,3,892,0
11453,5591,2,1183,0
11454,5591,9,1230,0
11455,5591,0,1496,0
11456,5591,13,862,0
11457,5592,0,1589,0
11458,5592,1,1014,0
11459,5593,8,1337,0
11460,5593,11,1380,0
11461,5595,9,1173,0
11462,5595,9,1444,0
11463,5597,6,0,1
11464,5598,5,1201,0
11465,5598,9,1359,0
11466,5599,13,1200,0
11467,5600,0,1257,0
11468,5601,6,837,0
11469,5602,10,1119,0
11470,5602,3,1216,0
11471,5602,10,983,0
11472,5603,9,1429,0
11473,5603,7,1504,0
11474,5606,11,0,1
11475,5608,12,801,0
11476,5610,11,1461,0
11477,5610,3,942,0
11478,5611,10,1079,0
11479,5611,0,1543,0
11480,5613,7,868,0
11481,5614,7,0,1
11482,5615,6,1280,0
11483,5615,1,1338,0
11484,5619,9,1279,0
11485,5619,13,1121,0
11486,5620,11,1326,0
11487,5620,9,903,0
11488,5620,4,1302,0
11489,5620,8,1365,0
11490,5620,1,1177,0
11491,5621,2,1330,0
11492,5622,9,1381,0
11493,5622,5,1419,0
11494,5624,5,1079,0
11495,5625,5,1254,0
11496,5625,13,1579,0
11497,5625,8,911,0
11498,5625,5,1060,0
11499,5626,4,848,0
11500,5626,6,944,0
11501,5626,10,1579,0
11502,5627,2,1494,0
11503,5627,6,1097,0
11504,5627,9,1102,0
11505,5627,12,829,0
11506,5627,9,1340,0
11507,5628,3,1261,0
11508,5628,2,1309,0
11509,5629,9,1547,0
11510,5631,2,1429,0
11511,5631,11,1325,0
11512,5631,1,1367,0
11513,5632,3,1564,0
11514,5632,13,1193,0
11515,5635,1,1411,0
11516,5635,0,1168,0
11517,5635,12,1348,0
11518,5635,10,1224,0
11519,5637,6,950,0
11520,5638,12,1248,0
11521,5638,5,1558,0
11522,5639,5,0,1
11523,5640,9,1390,0
11524,5640,0,1262,0
11525,5640,8,1204,0
11526,5640,1,896,0
11527,5641,12,1010,0
11528,5641,2,955,0
11529,5641,7,1259,0
11530,5641,10,1014,0
11531,5641,0,1039,0
11532,5641,13,1108,0
11533,5644,8,0,1
11534,5645,2,965,0
11535,5646,3,0,1
11536,5647,12,1108,0
11537,5648,7,1345,0
11538,5648,9,975,0
11539,5648,6,1320,0
11540,5648,13,0,1
11541,5648,3,1473,0
11542,5648,10,1507,0
11543,5648,12,1159,0
11544,5648,12,1518,0
11545,5648,4,960,0
11546,5648,6,1122,0
11547,5648,12,836,0
11548,5649,5,1313,0
11549,5649,0,840,0
11550,5649,3,978,0
11551,5650,5,817,0
11552,5652,13,0,1
11553,5652,6,946,0
11554,5652,2,817,0
11555,5652,6,914,0
11556,5652,13,1054,0
11557,5652,12,1060,0
11558,5652,6,1501,0
11559,5653,13,838,0
11560,5653,11,1002,0
11561,5656,2,1291,0
11562,5656,10,850,0
11563,5656,5,987,0
11564,5657,0,1153,0
11565,5657,4,815,0
11566,5657,2,1468,0
11567,5657,5,875,0
11568,5657,3,1069,0
11569,5659,10,1552,0
11570,5659,6,1168,0
11571,5659,4,1364,0
11572,5660,2,1107,0
11573,5660,2,1454,0
11574,5661,0,1114,0
11575,5662,9,1367,0
11576,5662,11,1124,0
11577,5662,7,1117,0
11578,5663,3,1449,0
11579,5663,12,1579,0
11580,5664,2,1281,0
11581,5664,10,1374,0
11582,5664,2,1349,0
11583,5664,11,1365,0
11584,5664,6,945,0
11585,5665,13,1585,0
11586,5665,13,1056,0
11587,5665,2,1380,0
11588,5665,2,859,0
11589,5666,4,800,0
11590,5667,13,1118,0
11591,5667,2,1279,0
11592,5667,11,1076,0
11593,5667,4,1302,0
11594,5667,8,1005,0
11595,5669,4,923,0
11596,5669,10,944,0
11597,5669,2,1389,0
11598,5670,7,1418,0
11599,5670,5,1086,0
11600,5670,2,1321,0
11601,5671,1,1597,0
11602,5671,13,1386,0
11603,5671,4,1484,0
11604,5672,7,1161,0
11605,5674,7,1343,0
11606,5674,8,878,0
11607,5676,12,1368,0
11608,5676,5,1026,0
11609,5676,6,947,0
11610,5676,6,1030,0
11611,5678,13,1000,0
11612,5678,8,817,0
11613,5678,9,967,0
11614,5679,12,971,0
11615,5679,10,1266,0
11616,5681,12,1304,0
11617,5682,4,1528,0
11618,5683,3,1131,0
11619,5684,4,1554,0
11620,5684,8,1362,0
11621,5684,9,1124,0
11622,5685,5,1286,0
11623,5687,12,1348,0
11624,5688,1,1426,0
11625,5688,0,1050,0
11626,5688,8,1350,0
11627,5688,6,0,1
11628,5689,11,998,0
11629,5689,4,1553,0
11630,5689,5,938,0
11631,5689,5,1443,0
11632,5689,5,1340,0
11633,5689,13,0,1
11634,5689,8,1011,0
11635,5690,8,812,0
11636,5690,4,983,0
11637,5692,6,1294,0
11638,5692,1,1436,0
11639,5692,3,1135,0
11640,5692,8,1253,0
11641,5694,8,893,0
11642,5695,13,889,0
11643,5697,6,1156,0
11644,5697,0,1116,0
11645,5699,0,809,0
11646,5699,8,1353,0
11647,5701,10,806,0
11648,5701,7,1072,0
11649,5701,3,1082,0
11650,5702,10,816,0
11651,5702,1,1008,0
11652,5703,10,1195,0
11653,5703,1,807,0
11654,5703,6,1545,0
11655,5705,3,950,0
11656,5705,10,1583,0
11657,5705,12,1395,0
11658,5705,12,827,0
11659,5706,6,1196,0
11660,5706,1,895,0
11661,5707,5,971,0
11662,5708,2,1503,0
11663,5708,7,0,1
11664,5708,0,853,0
11665,5709,13,1298,0
11666,5709,9,1479,0
11667,5710,11,1212,0
11668,5710,3,1312,0
11669,5710,4,1538,0
11670,5710,13,1486,0
11671,5711,12,1105,0
11672,5711,4,1329,0
11673,5711,13,1216,0
11674,5711,11,1265,0
11675,5711,7,1439,0
11676,5713,9,943,0
11677,5713,10,913,0
11678,5714,9,1146,0
11679,5716,5,1091,0
11680,5717,9,1306,0
11681,5717,12,1211,0
11682,5717,0,1012,0
11683,5717,5,1043,0
11684,5718,4,1151,0
11685,5718,5,1503,0
11686,5718,9,970,0
11687,5718,5,1057,0
11688,5719,4,1211,0
11689,5719,0,1156,0
11690,5719,1,1599,0
11691,5719,6,1071,0
11692,5719,13,1056,0
11693,5719,13,0,1
11694,5720,1,0,1
11695,5720,6,1141,0
11696,5720,6,1528,0
11697,5720,6,1576,0
11698,5720,10,1218,0
11699,5720,7,0,1
11700,5720,10,1307,0
11701,5721,8,1124,0
11702,5722,12,812,0
11703,5722,2,1179,0
11704,5723,4,962,0
11705,5725,1,1522,0
11706,5725,8,973,0
11707,5727,3,1443,0
11708,5729,11,800,0
11709,5729,2,1422,0
11710,5729,2,1180,0
11711,5730,8,1442,0
11712,5732,0,1085,0
11713,5733,4,886,0
11714,5733,11,0,1
11715,5734,4,1408,0
11716,5734,7,906,0
11717,5734,5,1102,0
11718,5735,4,1237,0
11719,5736,8,1466,0
11720,5736,2,1219,0
11721,5736,2,936,0
11722,5737,10,912,0
11723,5737,10,1487,0
11724,5738,3,973,0
11725,5740,12,1458,0
11726,5742,12,1352,0
11727,5742,7,815,0
11728,5742,9,1429,0
11729,5742,11,1423,0
11730,5742,10,1227,0
11731,5742,10,967,0
11732,5742,7,834,0
11733,5742,2,855,0
11734,5742,11,1589,0
11735,5744,2,1276,0
11736,5744,10,1520,0
11737,5744,6,1471,0
11738,5744,2,960,0
11739,5745,3,880,0
11740,5746,10,964,0
11741,5746,1,1436,0
11742,5747,1,1000,0
11743,5748,5,994,0
11744,5748,0,1434,0
11745,5749,7,0,1
11746,5751,11,1072,0
11747,5751,8,1150,0
11748,5753,6,1314,0
11749,5753,6,1016,0
11750,5753,9,928,0
11751,5754,2,1294,0
11752,5754,10,847,0
11753,5754,1,1426,0
11754,5754,2,810,0
11755,5754,12,1221,0
11756,5754,0,1529,0
11757,5755,9,1410,0
11758,5755,13,1406,0
11759,5757,6,1195,0
11760,5757,6,833,0
11761,5757,2,863,0
11762,5759,10,1206,0
11763,5759,6,0,1
11764,5759,0,1112,0
11765,5759,11,1467,0
11766,5760,1,1311,0
11767,5762,5,1154,0
11768,5762,3,889,0
11769,5762,7,1313,0
11770,5763,3,1063,0
11771,5764,11,1039,0
11772,5764,13,1142,0
11773,5764,12,942,0
11774,5764,13,1424,0
11775,5764,10,1252,0
11776,5764,11,1061,0
11777,5764,10,1551,0
11778,5764,3,862,0
11779,5764,4,1486,0
11780,5764,10,0,1
11781,5765,5,1513,0
11782,5765,9,1237,0
11783,5765,0,1201,0
11784,5766,10,852,0
11785,5766,4,852,0
11786,5767,11,1436,0
11787,5767,3,1215,0
11788,5767,12,1085,0
11789,5767,11,951,0
11790,5767,13,1257,0
11791,5768,9,984,0
11792,5768,2,1399,0
11793,5769,6,1307,0
11794,5769,11,1239,0
11795,5770,6,0,1
11796,5770,6,1216,0
11797,5771,0,0,1
11798,5772,5,1323,0
11799,5773,9,1345,0
11800,5773,6,1291,0
11801,5774,9,1225,0
11802,5774,6,956,0
11803,5774,5,1401,0
11804,5775,4,1203,0
11805,5775,6,1484,0
11806,5775,6,1017,0
11807,5775,11,1065,0
11808,5775,11,1296,0
11809,5776,2,923,0
11810,5777,13,1147,0
11811,5778,0,1261,0
11812,5779,5,1403,0
11813,5779,6,1524,0
11814,5779,2,1030,0
11815,5780,9,883,0
11816,5782,5,1377,0
11817,5782,11,1033,0
11818,5783,9,1133,0
11819,5783,9,1463,0
11820,5784,0,1013,0
11821,5784,11,1290,0
11822,5785,9,877,0
11823,5786,9,1348,0
11824,5786,2,887,0
11825,5786,4,1495,0
11826,5787,2,881,0
11827,5789,10,875,0
11828,5789,9,919,0
11829,5790,4,1525,0
11830,5790,12,1247,0
11831,5790,9,1018,0
11832,5790,2,1356,0
11833,5790,8,1078,0
11834,5790,11,907,0
11835,5790,13,1592,0
11836,5790,9,1450,0
11837,5790,8,859,0
11838,5791,4,857,0
11839,5791,1,1017,0
11840,5791,3,1502,0
11841,5791,1,818,0
11842,5791,11,1222,0
11843,5791,6,1061,0
11844,5792,6,1268,0
11845,5795,9,1024,0
11846,5795,2,1328,0
11847,5795,3,868,0
11848,5795,10,1507,0
11849,5796,0,1100,0
11850,5797,2,1154,0
11851,5799,1,1464,0
11852,5799,12,1447,0
11853,5801,7,1493,0
11854,5801,2,1541,0
11855,5801,2,1271,0
11856,5801,3,891,0
11857,5801,0,1565,0
11858,5802,7,1207,0
11859,5802,11,801,0
11860,5804,7,1276,0
11861,5805,7,1506,0
11862,5805,8,1209,0
11863,5805,9,1119,0
11864,5805,2,1289,0
11865,5805,9,983,0
11866,5805,0,1067,0
11867,5805,11,1593,0
11868,5805,5,848,0
11869,5805,8,1567,0
11870,5805,11,0,1
11871,5805,1,1336,0
11872,5806,1,1053,0
11873,5806,0,1183,0
11874,5806,3,955,0
11875,5806,13,1070,0
11876,5806,1,903,0
11877,5806,1,1009,0
11878,5806,6,1441,0
11879,5806,6,1470,0
11880,5808,8,1388,0
11881,5809,3,1453,0
11882,5809,9,1316,0
11883,5809,7,1014,0
11884,5809,10,1533,0
11885,5809,2,918,0
11886,5809,7,947,0
11887,5809,10,843,0
11888,5810,7,1134,0
11889,5812,7,1231,0
11890,5813,8,1329,0
11891,5813,11,1026,0
11892,5813,6,1597,0
11893,5814,2,0,1
11894,5815,10,1181,0
11895,5815,0,0,1
11896,5815,5,1349,0
11897,5815,1,1561,0
11898,5815,5,1311,0
11899,5815,10,1587,0
11900,5815,2,1576,0
11901,5817,4,948,0
11902,5817,6,939,0
11903,5820,3,1500,0
11904,5821,13,949,0
11905,5823,11,1027,0
11906,5823,13,1412,0
11907,5823,1,1315,0
11908,5823,4,0,1
11909,5825,12,0,1
11910,5825,0,866,0
11911,5825,8,896,0
11912,5825,1,1441,0
11913,5826,10,905,0
11914,5828,3,1313,0
11915,5829,3,1592,0
11916,5829,13,1406,0
11917,5829,6,1357,0
11918,5829,0,1147,0
11919,5829,4,883,0
11920,5829,1,1155,0
11921,5830,5,859,0
11922,5830,6,974,0
11923,5830,3,1003,0
11924,5831,3,1036,0
11925,5832,13,819,0
11926,5832,5,1265,0
11927,5832,12,957,0
11928,5833,11,872,0
11929,5833,7,1000,0
11930,5835,1,879,0
11931,5835,3,1268,0
11932,5835,13,1306,0
11933,5837,12,1143,0
11934,5837,1,1259,0
11935,5839,5,1301,0
11936,5839,2,1024,0
11937,5840,9,1089,0
11938,5840,6,1518,0
11939,5840,0,842,0
11940,5840,9,927,0
11941,5840,3,989,0
11942,5840,2,1323,0
11943,5840,1,834,0
11944,5841,10,1260,0
11945,5841,1,1337,0
11946,5842,13,830,0
11947,5843,12,1025,0
11948,5843,2,0,1
11949,5843,4,1464,0
11950,5843,7,1472,0
11951,5843,3,945,0
11952,5845,4,837,0
11953,5845,7,1047,0
11954,5847,12,0,1
11955,5848,0,1028,0
11956,5848,5,1461,0
11957,5848,0,0,1
11958,5848,2,1053,0
11959,5848,8,0,1
11960,5850,1,905,0
11961,5850,9,1242,0
11962,5850,0,831,0
11963,5851,10,1434,0
11964,5851,6,911,0
11965,5851,2,1528,0
11966,5852,11,1222,0
11967,5854,6,1454,0
11968,5856,13,1375,0
11969,5856,4,863,0
11970,5857,3,1141,0
11971,5859,8,828,0
11972,5859,2,1000,0
11973,5859,5,1557,0
11974,5859,0,999,0
11975,5859,13,991,0
11976,5860,1,1372,0
11977,5860,0,1010,0
11978,5860,6,1548,0
11979,5860,1,0,1
11980,5860,9,1204,0
11981,5861,11,1516,0
11982,5861,4,1387,0
11983,5862,9,848,0
11984,5862,4,1565,0
11985,5862,3,1405,0
11986,5863,6,1146,0
11987,5863,1,992,0
11988,5864,8,0,1
11989,5864,4,1511,0
11990,5865,12,1040,0
11991,5865,7,1228,0
11992,5866,2,1281,0
11993,5866,7,1313,0
11994,5866,6,981,0
11995,5866,12,841,0
11996,5867,2,1054,0
11997,5868,4,1465,0
11998,5868,12,1204,0
11999,5868,8,1293,0
12000,5869,13,1489,0
12001,5869,3,911,0
12002,5869,5,1370,0
12003,5869,11,1016,0
12004,5871,10,918,0
12005,5871,12,816,0
12006,5871,12,1516,0
12007,5872,2,831,0
12008,5873,8,1581,0
12009,5873,2,0,1
12010,5874,6,1297,0
12011,5874,1,1341,0
12012,5874,7,898,0
12013,5874,11,1358,0
12014,5876,13,1110,0
12015,5878,10,989,0
12016,5878,12,1586,0
12017,5878,2,0,1
12018,5878,12,1588,0
12019,5878,12,1269,0
12020,5879,6,1327,0
12021,5879,4,1489,0
12022,5879,13,973,0
12023,5879,4,1502,0
12024,5880,1,999,0
12025,5882,10,1023,0
12026,5882,4,1041,0
12027,5883,3,1004,0
12028,5884,3,986,0
12029,5885,4,1322,0
12030,5887,11,0,1
12031,5887,2,1073,0
12032,5887,12,1156,0
12033,5888,6,1421,0
12034,5888,6,1496,0
12035,5888,4,954,0
12036,5888,13,1069,0
12037,5888,5,1445,0
12038,5888,7,1241,0
12039,5888,11,1318,0
12040,5890,13,1152,0
12041,5891,11,1411,0
12042,5891,9,1330,0
12043,5891,2,1299,0
12044,5891,3,1009,0
12045,5892,7,1385,0
12046,5892,10,886,0
12047,5892,4,1016,0
12048,5894,9,1533,0
12049,5894,7,1276,0
12050,5895,8,1421,0
12051,5895,7,943,0
12052,5895,13,819,0
12053,5895,9,1104,0
12054,5896,12,1597,0
12055,5896,9,1280,0
12056,5897,6,1163,0
12057,5897,4,1597,0
12058,5897,10,1075,0
12059,5897,8,1098,0
12060,5897,11,0,1
12061,5897,3,1216,0
12062,5897,0,1134,0
12063,5897,3,0,1
12064,5897,6,1318,0
12065,5899,2,1227,0
12066,5900,7,813,0
12067,5901,13,1039,0
12068,5901,0,1431,0
12069,5901,1,906,0
12070,5901,11,1302,0
12071,5901,3,835,0
12072,5902,11,1275,0
12073,5903,11,1206,0
12074,5904,7,0,1
12075,5904,13,888,0
12076,5906,6,0,1
12077,5906,8,1171,0
12078,5907,10,1073,0
12079,5909,0,1406,0
12080,5910,7,926,0
12081,5910,9,1003,0
12082,5910,12,1275,0
12083,5911,7,1275,0
12084,5913,8,1152,0
12085,5913,7,830,0
12086,5914,5,0,1
12087,5915,10,1152,0
12088,5915,8,1188,0
12089,5916,0,1450,0
12090,5916,2,958,0
12091,5917,7,1262,0
12092,5917,4,1232,0
12093,5918,7,1543,0
12094,5918,7,840,0
12095,5918,0,1110,0
12096,5918,6,1108,0
12097,5918,9,1386,0
12098,5920,13,1324,0
12099,5920,2,1522,0
12100,5920,5,1296,0
12101,5920,5,1307,0
12102,5922,11,1134,0
12103,5922,10,1147,0
12104,5922,10,1338,0
12105,5922,5,948,0
12106,5922,11,0,1
12107,5922,7,1553,0
12108,5922,2,1533,0
12109,5922,11,841,0
12110,5922,2,1416,0
12111,5922,11,1284,0
12112,5923,12,1028,0
12113,5924,11,1313,0
12114,5924,11,1307,0
12115,5926,2,1377,0
12116,5926,6,829,0
12117,5926,3,1360,0
12118,5926,10,1133,0
12119,5927,2,1032,0
12120,5927,6,1479,0
12121,5928,5,1548,0
12122,5928,10,1471,0
12123,5928,10,1271,0
12124,5929,2,1451,0
12125,5929,11,1335,0
12126,5930,11,1578,0
12127,5930,11,1403,0
12128,5930,2,986,0
12129,5931,11,1185,0
12130,5932,1,1252,0
12131,5933,13,1477,0
12132,5933,10,1081,0
12133,5934,3,870,0
12134,5934,7,880,0
12135,5935,12,1595,0
12136,5935,7,1166,0
12137,5935,8,1142,0
12138,5935,11,892,0
12139,5935,4,1437,0
12140,5935,11,986,0
12141,5935,13,891,0
12142,5935,4,1272,0
12143,5935,5,875,0
12144,5935,1,1039,0
12145,5937,5,1305,0
12146,5938,13,871,0
12147,5940,4,1450,0
12148,5940,0,1193,0
12149,5940,7,1142,0
12150,5940,11,1530,0
12151,5940,3,1259,0
12152,5941,6,1448,0
12153,5942,13,1518,0
12154,5942,10,911,0
12155,5943,2,1235,0
12156,5943,1,1268,0
12157,5944,9,844,0
12158,5944,13,1496,0
12159,5945,1,1318,0
12160,5945,5,1128,0
12161,5945,3,1588,0
12162,5945,11,1561,0
12163,5945,2,1575,0
12164,5945,11,1135,0
12165,5945,8,1018,0
12166,5946,9,991,0
12167,5946,12,1111,0
12168,5947,12,1184,0
12169,5947,5,1074,0
12170,5947,0,1125,0
12171,5947,3,1388,0
12172,5947,4,1305,0
12173,5947,11,1143,0
12174,5948,13,818,0
12175,5948,11,0,1
12176,5948,2,1455,0
12177,5950,0,1600,0
12178,5950,1,928,0
12179,5951,5,1405,0
12180,5951,7,1230,0
12181,5951,1,1273,0
12182,5951,9,1042,0
12183,5951,11,1558,0
12184,5951,6,1285,0
12185,5951,3,1405,0
12186,5951,1,1370,0
12187,5951,0,1216,0
12188,5954,9,1098,0
12189,5954,2,1112,0
12190,5954,7,1016,0
12191,5956,7,1153,0
12192,5957,4,1238,0
12193,5958,11,850,0
12194,5958,3,1583,0
12195,5958,10,1271,0
12196,5959,8,1321,0
12197,5959,0,1270,0
12198,5959,4,1060,0
12199,5960,12,1307,0
12200,5960,0,1227,0
12201,5961,12,919,0
12202,5962,10,1351,0
12203,5962,9,1264,0
12204,5962,7,1178,0
12205,5963,0,875,0
12206,5963,8,1339,0
12207,5964,9,986,0
12208,5965,0,1575,0
12209,5965,6,1386,0
12210,5965,3,986,0
12211,5968,11,1516,0
12212,5968,4,1070,0
12213,5970,11,1263,0
12214,5970,1,810,0
12215,5970,0,1565,0
12216,5970,2,870,0
12217,5970,6,1106,0
12218,5970,10,1234,0
12219,5970,8,1555,0
12220,5970,4,1402,0
12221,5972,8,1524,0
12222,5972,7,1336,0
12223,5972,7,895,0
12224,5973,13,937,0
12225,5973,13,1156,0
12226,5973,13,1270,0
12227,5973,6,1344,0
12228,5974,3,1200,0
12229,5975,5,1367,0
12230,5976,13,1503,0
12231,5977,11,1358,0
12232,5979,3,909,0
12233,5979,9,1495,0
12234,5979,4,1193,0
12235,5980,8,1471,0
12236,5981,11,1351,0
12237,5982,3,1181,0
12238,5983,5,1150,0
12239,5983,13,1439,0
12240,5983,2,1549,0
12241,5985,2,1400,0
12242,5985,13,1076,0
12243,5985,10,1099,0
12244,5986,8,1598,0
12245,5986,5,1202,0
12246,5986,6,1260,0
12247,5986,6,1373,0
12248,5986,3,817,0
12249,5987,5,1453,0
12250,5987,6,1490,0
12251,5988,9,1469,0
12252,5988,3,1568,0
12253,5988,1,1357,0
12254,5988,9,1266,0
12255,5988,12,988,0
12256,5988,4,1423,0
12257,5988,9,1255,0
12258,5988,4,1301,0
12259,5988,0,1039,0
12260,5988,1,1393,0
12261,5989,8,1333,0
12262,5989,9,1120,0
12263,5989,5,1148,0
12264,5989,0,1543,0
12265,5989,13,1138,0
12266,5989,5,1566,0
12267,5990,13,1391,0
12268,5991,7,1331,0
12269,5992,5,964,0
12270,5994,7,1109,0
12271,5995,12,1363,0
12272,5996,10,1536,0
12273,5997,0,1457,0
12274,5998,11,889,0
12275,5998,11,1595,0
12276,5999,3,857,0
12277,5999,6,1168,0
12278,5999,8,1571,0
12279,5999,4,964,0
12280,5999,12,1484,0
6020,2962,6,1036,0
3804,1860,9,1341,0
5339,2627,5,882,0
4207,2071,9,1251,0
10525,5125,4,1144,0
7323,3599,7,1264,0
600,265,6,883,0
6960,3423,13,1203,0
9645,4716,8,1332,0
7867,3859,8,1312,0
11200,5475,12,1181,0
10291,5019,8,855,0
7979,3922,1,1260,0
4139,2036,1,1373,0
3370,1647,13,1445,0
384,178,4,1396,0
2977,1446,10,883,0
345,166,3,1510,0
3669,1804,9,1281,0
1544,748,2,1568,0
8893,4338,13,1056,0
7204,3542,6,1521,0
4730,2326,12,1113,0
6192,3046,1,1303,0
5089,2500,3,1101,0
146,80,0,1143,0
763,342,5,941,0
1937,945,9,1357,0
5926,2919,10,942,0
8559,4180,0,1348,0
3260,1586,6,1286,0
1159,558,4,1062,0
4008,1961,7,1581,0
7346,3611,1,1543,0
2282,1120,10,1510,0
9602,4701,8,1076,0
3011,1462,5,1155,0
3660,1798,8,1555,0
1124,543,4,1465,0
342,163,4,0,1
7945,3908,1,1025,0
4940,2433,9,1331,0
8755,4271,5,1077,0
6371,3141,10,826,0
1898,933,3,866,0
7905,3883,0,1416,0
10852,5299,9,956,0
5702,2818,11,1297,0
9263,4533,10,1005,0
8276,4064,12,1377,0
2012,985,0,1306,0
1729,841,1,1118,0
5376,2639,11,989,0
10029,4901,4,843,0
2975,1446,10,0,1
10775,5254,3,835,0
8952,4370,9,1139,0
7200,3539,6,1363,0
5671,2798,11,1456,0
5831,2874,5,1476,0
9561,4684,1,1115,0
2353,1158,5,1241,0
5337,2626,11,938,0
2743,1342,11,1174,0
10541,5134,5,0,1
847,390,0,1511,0
2245,1105,10,849,0
3724,1829,4,1441,0
10519,5123,13,1190,0
3484,1709,5,1542,0
5131,2522,8,988,0
7930,3896,6,0,1
11565,5657,4,815,0
5265,2593,3,1263,0
2563,1250,1,955,0
555,246,3,1163,0
5793,2854,6,1596,0
5527,2725,12,1037,0
9509,4658,7,1063,0
372,174,2,1184,0
7507,3675,12,1244,0
12022,5879,13,973,0
1289,616,4,1040,0
9163,4469,7,914,0
10979,5358,12,1188,0
10542,5134,6,1242,0
249,129,9,1434,0
10717,5226,4,974,0
1030,502,6,881,0
7048,3466,9,1199,0
9387,4598,7,1126,0
4363,2150,4,1322,0
4812,2364,8,1221,0
8426,4120,11,1010,0
8169,4022,0,958,0
9619,4706,0,1177,0
8311,4080,13,915,0
5755,2841,6,1042,0
4621,2275,7,857,0
35,20,0,1554,0
4488,2201,5,1281,0
9375,4592,6,1257,0
2958,1439,7,1175,0
17,10,12,1244,0
1326,634,6,1546,0
10940,5341,9,1068,0
4365,2151,10,1004,0
10362,5054,10,1293,0
8225,4045,12,958,0
6452,3197,2,0,1
11265,5504,4,0,1
11914,5828,3,1313,0
7702,3782,12,1178,0
4908,2418,11,1361,0
8687,4236,11,892,0
11552,5652,13,0,1
6155,3031,11,1302,0
223,118,10,937,0
7099,3493,11,937,0
2458,1198,12,1166,0
12196,5959,8,1321,0
5589,2749,2,1572,0
9970,4872,4,1230,0
691,307,2,819,0
11488,5620,4,1302,0
10238,4992,12,974,0
11537,5648,7,1345,0
7825,3845,6,1270,0
10551,5138,12,962,0
2444,1194,6,1355,0
2701,1321,2,0,1
428,193,13,954,0
1959,957,8,1063,0
4403,2169,3,886,0
8438,4122,10,1303,0
3671,1804,12,846,0
12251,5988,9,1469,0
7383,3624,2,1070,0
4140,2036,1,1001,0
7472,3651,11,1131,0
4379,2159,9,1566,0
6557,3235,4,834,0
6691,3298,2,1544,0
3623,1783,9,1352,0
10309,5027,12,1288,0
2488,1211,0,1137,0
6283,3090,8,1072,0
